Workbook

Sheet Data BBK
A1: NoBukti | B1: TglKeluar | C1: Keterangan | E1: Peminta | F1: KdBrg | G1: namabrg | H1: satprimer | I1: Nopol | K1: KM | L1: Jenis | M1: PT | N1: Pemakaian | O1: QtyS | P1: Harga | Q1: SubTotal | R1: User
A2: 1-BBK22010832 | B2: 44591 | C2: TAGIHAN PERSADA | E2: MEKANIK | F2: ACCU.002 | G2: ACCU NS70 INCHOE | H2: PCS | I2: S 9159 UJ | K2: 2 | L2: TRONTON | M2: DAMAI ELOK ANDALAN | N2: TAGIHAN PERSADA | O2: 2 | P2: 1118040 | Q2: 2236080 | R2: ISMAIL
A3: 1-BBK22010033 | B3: 44565 | C3: ACCU | E3: NANANG | F3: ACCU.008 | G3: ACCU N100 INCHOE | H3: PCS | I3: L 9278 UJ | K3: 123 | L3: COLT DIESEL | M3: DAMAI ELOK ANDALAN | N3: ARISTIANUS | O3: 1 | P3: 1280000 | Q3: 1280000 | R3: ISMAIL
A4: 1-BBK22010105 | B4: 44567 | C4: STORING SBY | E4: AGIL | F4: ACCU.008 | G4: ACCU N100 INCHOE | H4: PCS | I4: S 9352 UJ | K4: 1 | L4: COLT DIESEL | M4: PETRA ESA TRANSINDO | O4: 1 | P4: 1280000 | Q4: 1280000 | R4: ISMAIL
A5: 1-BBK22010277 | B5: 44573 | C5: ACCU | E5: AGIL | F5: ACCU.008 | G5: ACCU N100 INCHOE | H5: PCS | I5: S 8985 UJ | K5: 145245 | L5: COLT DIESEL | M5: CAHAYA UNGGUL SENTOSA | O5: 1 | P5: 1280000 | Q5: 1280000 | R5: ISMAIL
A6: 1-BBK22010278 | B6: 44573 | C6: ACCU | E6: IKWAN | F6: ACCU.008 | G6: ACCU N100 INCHOE | H6: PCS | I6: S 9012 UJ | K6: 211423 | L6: COLT DIESEL | M6: FAJAR ABADI KARYATAMA | O6: 1 | P6: 1280000 | Q6: 1280000 | R6: ISMAIL
A7: 1-BBK22010335 | B7: 44575 | C7: AIR ACCU | E7: IKWAN | F7: ACCU.009 | G7: AIR ACCU | H7: LTR | I7: S 9439 UJ | K7: 208757 | L7: COLT DIESEL | M7: ABADI SARANA INTITRANS | N7: KOSIM | O7: 1 | P7: 5413.75 | Q7: 5413.75 | R7: ISMAIL
A8: 1-BBK22010339 | B8: 44575 | C8: PER | E8: ARIF | F8: ACCU.009 | G8: AIR ACCU | H8: LTR | I8: S 9172 UJ | K8: 326495 | L8: TRONTON | M8: CAHAYA UNGGUL SENTOSA | N8: SUN'AN | O8: 1 | P8: 5413.75 | Q8: 5413.75 | R8: ISMAIL
A9: 1-BBK22010250 | B9: 44573 | C9: GCU | E9: BUDI | F9: ACCU.009 | G9: AIR ACCU | H9: LTR | I9: S 9259 UK | K9: 71007 | L9: COLT DIESEL | M9: INTI SUMBER PELANGI | N9: KUSNO | O9: 1 | P9: 5413.75 | Q9: 5413.75 | R9: ISMAIL
A10: 1-BBK22010347 | B10: 44575 | C10: AIR ACCU | E10: NANANG | F10: ACCU.009 | G10: AIR ACCU | H10: LTR | I10: S 9228 UJ | K10: 310164 | L10: TRONTON | M10: CAHAYA UNGGUL SENTOSA | O10: 1 | P10: 5413.75 | Q10: 5413.75 | R10: ISMAIL
A11: 1-BBK22010063 | B11: 44566 | C11: TAGIHAN PERSADA | E11: MEKANIK | F11: ACCU.009 | G11: AIR ACCU | H11: LTR | I11: S 8790 UJ | K11: 2 | L11: DUMP TRUCK BESAR | M11: OMEGA MEGA GEMILANG | N11: TAGIHAN PERSADA | O11: 2 | P11: 5413.75 | Q11: 10827.5 | R11: ISMAIL
A12: 1-BBK22010204 | B12: 44571 | C12: GCU | E12: BAYU | F12: ACCU.009 | G12: AIR ACCU | H12: LTR | I12: S 8962 UJ | K12: 241290 | L12: COLT DIESEL | M12: JASA ELOK TRANSINDO | N12: ANWAR | O12: 2 | P12: 5413.75 | Q12: 10827.5 | R12: ISMAIL
A13: 1-BBK22010845 | B13: 44592 | C13: SHOCKBREAKER | E13: BUDI | F13: ACCU.009 | G13: AIR ACCU | H13: LTR | I13: S 9224 UJ | K13: 318355 | L13: TRONTON | M13: KARYA PRIMA REJEKI | N13: SUGITA | O13: 2 | P13: 5209.3023 | Q13: 10418.605 | R13: ISMAIL
A14: 1-BBK22020013 | B14: 44594 | C14: OLI | E14: NIAM | F14: ACCU.009 | G14: AIR ACCU | H14: LTR | I14: L 8951 UJ | K14: 115621 | L14: COLT DIESEL | M14: BANGKIT NUSA INDOTRANS | N14: ARI | O14: 2 | P14: 5209.3023 | Q14: 10418.605 | R14: ISMAIL
A15: 1-BBK22020163 | B15: 44597 | C15: AIR ACCUI | E15: AGUS | F15: ACCU.009 | G15: AIR ACCU | H15: LTR | I15: L 8962 UJ | K15: 129915 | L15: COLT DIESEL | M15: ABADI SARANA INTITRANS | O15: 2 | P15: 5209.3023 | Q15: 10418.605 | R15: ISMAIL
A16: 1-BBK22020177 | B16: 44599 | C16: BOHLAM | E16: WAHYU | F16: ACCU.009 | G16: AIR ACCU | H16: LTR | I16: S 9394 UJ | K16: 193362 | L16: COLT DIESEL | M16: HARMONI CAHAYA LESTARI | N16: SYUKUR | O16: 2 | P16: 5209.3023 | Q16: 10418.605 | R16: ISMAIL
A17: 1-BBK22010669 | B17: 44586 | C17: KELISTRIKAN | E17: KARIS | F17: ACCU.009 | G17: AIR ACCU | H17: LTR | I17: S 9577 UJ | K17: 163194 | L17: COLT DIESEL | M17: ESA SUMBER ANUGERAH | O17: 1 | P17: 8000 | Q17: 8000 | R17: ISMAIL
A18: 1-BBK22010001 | B18: 44564 | C18: ACCU N100 | E18: BAYU | F18: ACCU.018 | G18: ACCU FASTER N100 | H18: PCS | I18: S 9472 UJ | K18: 176815 | L18: COLT DIESEL | M18: FORTUNA PERSADA INTI | N18: MAULANA | O18: 1 | P18: 1184553.2 | Q18: 1184553.2 | R18: ISMAIL
A19: 1-BBK22010003 | B19: 44564 | C19: ACCU TEKOR | E19: BAYU | F19: ACCU.018 | G19: ACCU FASTER N100 | H19: PCS | I19: S 9122 UJ | K19: 1 | L19: COLT DIESEL | M19: ESA SUMBER ANUGERAH | O19: 1 | P19: 1184553.2 | Q19: 1184553.2 | R19: ISMAIL
A20: 1-BBK22010384 | B20: 44578 | C20: ACCU HILANG | E20: NANANG | F20: ACCU.018 | G20: ACCU FASTER N100 | H20: PCS | I20: S 9492 UJ | K20: 1 | L20: COLT DIESEL | M20: LESTARI ERA MAKMUR | N20: AGUS SUYONO | O20: 1 | P20: 1185600 | Q20: 1185600 | R20: ISMAIL
A21: 1-BBK22010291 | B21: 44573 | C21: ACCU | E21: NANANG | F21: ACCU.019 | G21: ACCU NS70 FASTER | H21: PCS | I21: B 9363 PYU | K21: 12345 | L21: DUMP TRUCK BESAR | M21: HAKIKI TRANSINDO SEJATI | O21: 1 | P21: 774488 | Q21: 774488 | R21: ISMAIL
A22: 1-BBK22010654 | B22: 44585 | C22: ACCU | E22: SUPRI | F22: ACCU.020 | G22: ACCU N50Z FASTER | H22: PCS | I22: S 9399 UR | K22: 0 | L22: COLT DIESEL | M22: GALAXY NUSA INDAH | N22: FERDI | O22: 2 | P22: 710363 | Q22: 1420726 | R22: ISMAIL
A23: 1-BBK22010420 | B23: 44579 | C23: BATRE | E23: IBNU | F23: ATK.012 | G23: BATRAY ABC | H23: PCS | I23: LAIN2 | K23: 0 | L23: LAIN2 | M23: LAIN2 | O23: 5 | P23: 7000 | Q23: 35000 | R23: ISMAIL
A24: 1-BBK22010136 | B24: 44568 | C24: TRAFFIC BOTTON | E24: SECURITY | F24: ATK.012 | G24: BATRAY ABC | H24: PCS | I24: LAIN2 | K24: 0 | L24: LAIN2 | M24: LAIN2 | N24: SECURITY | O24: 4 | P24: 5000 | Q24: 20000 | R24: ISMAIL
A25: 1-BBK22010320 | B25: 44575 | C25: KERTAS BUFALO DAN RAK KERTAS | E25: KANTOR | F25: ATK.025 | G25: KERTAS BUFALO | H25: REM | I25: LAIN2 | K25: 0 | L25: LAIN2 | M25: LAIN2 | N25: KANTOR | O25: 1 | P25: 25000 | Q25: 25000 | R25: ISMAIL
A26: 1-BBK22010072 | B26: 44566 | C26: MOUSE | E26: RIMA | F26: ATK.037 | G26: MOUSE | H26: PCS | I26: LAIN2 | K26: 0 | L26: LAIN2 | M26: LAIN2 | N26: RIMA | O26: 1 | P26: 130000 | Q26: 130000 | R26: ISMAIL
A27: 1-BBK22010552 | B27: 44581 | C27: MOUSE | E27: KANTOR | F27: ATK.037 | G27: MOUSE | H27: PCS | I27: LAIN2 | K27: 0 | L27: LAIN2 | M27: LAIN2 | N27: KANTOR | O27: 2 | P27: 90000 | Q27: 180000 | R27: ISMAIL
A28: 1-BBK22010073 | B28: 44566 | C28: STAPLER | E28: HARYO | F28: ATK.043 | G28: STAPLER | H28: PCS | I28: LAIN2 | K28: 0 | L28: LAIN2 | M28: LAIN2 | N28: HARYO | O28: 1 | P28: 175000 | Q28: 175000 | R28: ISMAIL
A29: 1-BBK22010847 | B29: 44592 | C29: ISI TONER | E29: KANTOR | F29: ATK.052 | G29: REFILL TONER 107A | H29: PCS | I29: LAIN2 | K29: 0 | L29: LAIN2 | M29: LAIN2 | N29: KANTOR | O29: 4 | P29: 95000 | Q29: 380000 | R29: ISMAIL
A30: 1-BBK22010359 | B30: 44576 | C30: KEYBOARD | E30: IBNU | F30: ATK.073 | G30: KEYBOARD | H30: PCS | I30: LAIN2 | K30: 0 | L30: LAIN2 | M30: LAIN2 | O30: 1 | P30: 150000 | Q30: 150000 | R30: ISMAIL
A31: 1-BBK22010361 | B31: 44576 | C31: ATK | E31: IBNU | F31: ATK.081 | G31: CLIP BOARD ESELON/ PAPAN DADA | H31: PCS | I31: LAIN2 | K31: 0 | L31: LAIN2 | M31: LAIN2 | O31: 5 | P31: 15000 | Q31: 75000 | R31: ISMAIL
A32: 1-BBK22010361 | B32: 44576 | C32: ATK | E32: IBNU | F32: ATK.087 | G32: BUKU TULIS | H32: PCS | I32: LAIN2 | K32: 0 | L32: LAIN2 | M32: LAIN2 | O32: 1 | P32: 8000 | Q32: 8000 | R32: ISMAIL
A33: 1-BBK22010201 | B33: 44571 | C33: ISI STAPLER BESAR | E33: KANTOR | F33: ATK.093 | G33: ISI STAPLER BESAR | H33: PACK | I33: LAIN2 | K33: 0 | L33: LAIN2 | M33: LAIN2 | N33: KANTOR | O33: 2 | P33: 14000 | Q33: 28000 | R33: ISMAIL
A34: 1-BBK22010202 | B34: 44571 | C34: SPIDOL BAN TOYO MARKER | E34: ISMAIL | F34: ATK.094 | G34: SPIDOL BAN TOYO MARKER | H34: PCS | I34: LAIN2 | K34: 0 | L34: LAIN2 | M34: LAIN2 | N34: GUDANG | O34: 15 | P34: 3633.33 | Q34: 54499.95 | R34: ISMAIL
A35: 1-BBK22010238 | B35: 44572 | C35: PERBAIKAN CCTV | E35: IBNU | F35: ATK.095 | G35: CCTV HIK 5MP | H35: UNIT | I35: LAIN2 | K35: 1 | L35: LAIN2 | M35: LAIN2 | O35: 1 | P35: 435000 | Q35: 435000 | R35: ISMAIL
A36: 1-BBK22010238 | B36: 44572 | C36: PERBAIKAN CCTV | E36: IBNU | F36: ATK.096 | G36: KONEKTOR BNC CCTV | H36: PCS | I36: LAIN2 | K36: 1 | L36: LAIN2 | M36: LAIN2 | O36: 4 | P36: 5000 | Q36: 20000 | R36: ISMAIL
A37: 1-BBK22010238 | B37: 44572 | C37: PERBAIKAN CCTV | E37: IBNU | F37: ATK.097 | G37: KONEKTOR JACK | H37: PCS | I37: LAIN2 | K37: 1 | L37: LAIN2 | M37: LAIN2 | O37: 2 | P37: 4000 | Q37: 8000 | R37: ISMAIL
A38: 1-BBK22010320 | B38: 44575 | C38: KERTAS BUFALO DAN RAK KERTAS | E38: KANTOR | F38: ATK.099 | G38: RAK KERTAS | H38: SET | I38: LAIN2 | K38: 0 | L38: LAIN2 | M38: LAIN2 | N38: KANTOR | O38: 1 | P38: 95000 | Q38: 95000 | R38: ISMAIL
A39: 1-BBK22010419 | B39: 44579 | C39: UPS | E39: IBNU | F39: ATK.100 | G39: UPS APC 700 VA | H39: PCS | I39: LAIN2 | K39: 0 | L39: LAIN2 | M39: LAIN2 | O39: 1 | P39: 925000 | Q39: 925000 | R39: ISMAIL
A40: 1-BBK22010419 | B40: 44579 | C40: UPS | E40: IBNU | F40: ATK.101 | G40: COLOKAN 3 KAKI | H40: PCS | I40: LAIN2 | K40: 0 | L40: LAIN2 | M40: LAIN2 | O40: 1 | P40: 10000 | Q40: 10000 | R40: ISMAIL
A41: 1-BBK22010420 | B41: 44579 | C41: BATRE | E41: IBNU | F41: ATK.102 | G41: BATRE | H41: PCS | I41: LAIN2 | K41: 0 | L41: LAIN2 | M41: LAIN2 | O41: 4 | P41: 6000 | Q41: 24000 | R41: ISMAIL
A42: 1-BBK22010551 | B42: 44581 | C42: ATK | E42: IBNU | F42: ATK.103 | G42: KABEL POWER | H42: SET | I42: LAIN2 | K42: 0 | L42: LAIN2 | M42: LAIN2 | O42: 1 | P42: 25000 | Q42: 25000 | R42: ISMAIL
A43: 1-BBK22010551 | B43: 44581 | C43: ATK | E43: IBNU | F43: ATK.104 | G43: KABEL VGA | H43: PCS | I43: LAIN2 | K43: 0 | L43: LAIN2 | M43: LAIN2 | O43: 1 | P43: 50000 | Q43: 50000 | R43: ISMAIL
A44: 1-BBK22010492 | B44: 44580 | C44: SP106128/12086 | D44: =VLOOKUP(C44,Tabel_Kueri1[[KodeBan]:[Nopol]],2,0) -> S 9257 UK | E44: SUGENG | F44: BAN.003 | G44: BAN LUAR 750 GT (VLK) | H44: PCS | I44: S 9257 UK | J44: =D44=I44 -> TRUE | K44: 69159 | L44: COLT DIESEL | M44: HARUM KARYA INDAH | N44: 106360 | O44: 1 | P44: 550000 | Q44: 550000 | R44: ISMAIL
A45: 1-BBK22010707 | B45: 44587 | C45: SP10668 | D45: =VLOOKUP(C45,Tabel_Kueri1[[KodeBan]:[Nopol]],2,0) -> AD 8064 OY | E45: SUGENG | F45: BAN.003 | G45: BAN LUAR 750 GT (VLK) | H45: PCS | I45: AD 8064 OY | J45: =D45=I45 -> TRUE | K45: 47526 | L45: COLT DIESEL | M45: JASA ANUGERAH MUSTIKA | N45: 47526 | O45: 1 | P45: 550000 | Q45: 550000 | R45: ISMAIL
A46: 1-BBK22020031 | B46: 44594 | C46: SP106163 | D46: =VLOOKUP(C46,Tabel_Kueri1[[KodeBan]:[Nopol]],2,0) -> S 9394 UJ | E46: SUGENG | F46: BAN.003 | G46: BAN LUAR 750 GT (VLK) | H46: PCS | I46: S 9412 UJ | J46: =D46=I46 -> FALSE | K46: 193870 | L46: COLT DIESEL | M46: FORTUNA PERSADA INTI | N46: 201101 | O46: 1 | P46: 550000 | Q46: 550000 | R46: ISMAIL
A47: 1-BBK22020033 | B47: 44594 | C47: SP106123 | D47: =VLOOKUP(C47,Tabel_Kueri1[[KodeBan]:[Nopol]],2,0) -> AD 8046 OY | E47: SUGENG | F47: BAN.003 | G47: BAN LUAR 750 GT (VLK) | H47: PCS | I47: S 9412 UJ | J47: =D47=I47 -> FALSE | K47: 193870 | L47: COLT DIESEL | M47: FORTUNA PERSADA INTI | N47: SP106122 | O47: 1 | P47: 550000 | Q47: 550000 | R47: ISMAIL
A48: 1-BBK22010807 | B48: 44590 | C48: SP10640 | D48: =VLOOKUP(C48,Tabel_Kueri1[[KodeBan]:[Nopol]],2,0) -> #N/A | E48: SELAMET | F48: BAN.003 | G48: BAN LUAR 750 GT (VLK) | H48: PCS | I48: AD 8064 OY | J48: =D48=I48 -> #N/A | K48: 47526 | L48: COLT DIESEL | M48: JASA ANUGERAH MUSTIKA | N48: 102025 | O48: 1 | P48: 550000 | Q48: 550000 | R48: ISMAIL
A49: 1-BBK22010808 | B49: 44590 | C49: SP106142 | D49: =VLOOKUP(C49,Tabel_Kueri1[[KodeBan]:[Nopol]],2,0) -> S 9352 UJ | E49: SELAMET | F49: BAN.003 | G49: BAN LUAR 750 GT (VLK) | H49: PCS | I49: S 9352 UJ | J49: =D49=I49 -> TRUE | K49: 162025 | L49: COLT DIESEL | M49: PETRA ESA TRANSINDO | N49: 101012 | O49: 1 | P49: 550000 | Q49: 550000 | R49: ISMAIL
A50: 1-BBK22010809 | B50: 44590 | C50: SP10632 | D50: =VLOOKUP(C50,Tabel_Kueri1[[KodeBan]:[Nopol]],2,0) -> L 8962 UJ | E50: SELAMET | F50: BAN.003 | G50: BAN LUAR 750 GT (VLK) | H50: PCS | I50: S 9352 UJ | J50: =D50=I50 -> FALSE | K50: 162025 | L50: COLT DIESEL | M50: PETRA ESA TRANSINDO | N50: 2009245H3075 | O50: 1 | P50: 550000 | Q50: 550000 | R50: ISMAIL
A51: 1-BBK22010810 | B51: 44590 | C51: SP10648 | D51: =VLOOKUP(C51,Tabel_Kueri1[[KodeBan]:[Nopol]],2,0) -> S 9489 UJ | E51: SELAMET | F51: BAN.003 | G51: BAN LUAR 750 GT (VLK) | H51: PCS | I51: S 9413 UJ | J51: =D51=I51 -> FALSE | K51: 206385 | L51: COLT DIESEL | M51: BINA TUNAS SENTOSA | N51: SP106125 | O51: 1 | P51: 550000 | Q51: 550000 | R51: ISMAIL
A52: 1-BBK22010811 | B52: 44590 | C52: SP106119 | D52: =VLOOKUP(C52,Tabel_Kueri1[[KodeBan]:[Nopol]],2,0) -> L 8385 UC | E52: SELAMET | F52: BAN.003 | G52: BAN LUAR 750 GT (VLK) | H52: PCS | I52: S 9413 UJ | J52: =D52=I52 -> FALSE | K52: 206385 | L52: COLT DIESEL | M52: BINA TUNAS SENTOSA | N52: 812016/A0107966 | O52: 1 | P52: 550000 | Q52: 550000 | R52: ISMAIL
A53: 1-BBK22010148 | B53: 44568 | C53: SP106164 | D53: =VLOOKUP(C53,Tabel_Kueri1[[KodeBan]:[Nopol]],2,0) -> S 8967 UJ | E53: SUGENG | F53: BAN.003 | G53: BAN LUAR 750 GT (VLK) | H53: PCS | I53: L 8962 UJ | J53: =D53=I53 -> FALSE | K53: 123816 | L53: COLT DIESEL | M53: ABADI SARANA INTITRANS | N53: 106371 | O53: 1 | P53: 550000 | Q53: 550000 | R53: ISMAIL
A54: 1-BBK22010149 | B54: 44568 | C54: SP10653 | D54: =VLOOKUP(C54,Tabel_Kueri1[[KodeBan]:[Nopol]],2,0) -> S 9394 UJ | E54: SUGENG | F54: BAN.003 | G54: BAN LUAR 750 GT (VLK) | H54: PCS | I54: L 8962 UJ | J54: =D54=I54 -> FALSE | K54: 123816 | L54: COLT DIESEL | M54: ABADI SARANA INTITRANS | N54: SP10632 | O54: 1 | P54: 550000 | Q54: 550000 | R54: ISMAIL
A55: 1-BBK22010173 | B55: 44568 | C55: 12042/SP10614 | D55: =VLOOKUP(C55,Tabel_Kueri1[[KodeBan]:[Nopol]],2,0) -> S 9354 UJ | E55: SUGENG | F55: BAN.003 | G55: BAN LUAR 750 GT (VLK) | H55: PCS | I55: S 9354 UJ | J55: =D55=I55 -> TRUE | K55: 163652 | L55: COLT DIESEL | M55: PETRA ESA TRANSINDO | N55: 102054 | O55: 1 | P55: 550000 | Q55: 550000 | R55: ISMAIL
A56: 1-BBK22010198 | B56: 44569 | C56: 250028 | E56: SUGENG | F56: BAN.018 | G56: MARSET 1100 | H56: PCS | I56: S 9194 UJ | K56: 290746 | L56: TRONTON | M56: QUALITY PERDANA RAYA | N56: SUCIPTO | O56: 1 | P56: 65266.772 | Q56: 65266.772 | R56: ISMAIL
A57: 1-BBK22010199 | B57: 44569 | C57: 250024 | E57: SUGENG | F57: BAN.018 | G57: MARSET 1100 | H57: PCS | I57: S 9172 UJ | K57: 325574 | L57: TRONTON | M57: CAHAYA UNGGUL SENTOSA | N57: SUN'AN | O57: 1 | P57: 65266.772 | Q57: 65266.772 | R57: ISMAIL
A58: 1-BBK22010186 | B58: 44568 | C58: 250021 | E58: SUGENG | F58: BAN.018 | G58: MARSET 1100 | H58: PCS | I58: S 9175 UJ | K58: 327560 | L58: TRONTON | M58: OMEGA MEGA GEMILANG | N58: SURYONO | O58: 1 | P58: 65266.772 | Q58: 65266.772 | R58: ISMAIL
A59: 1-BBK22010197 | B59: 44569 | C59: 250037 | E59: SUGENG | F59: BAN.018 | G59: MARSET 1100 | H59: PCS | I59: S 9194 UJ | K59: 290746 | L59: TRONTON | M59: QUALITY PERDANA RAYA | N59: SUCIPTO | O59: 1 | P59: 65266.772 | Q59: 65266.772 | R59: ISMAIL
A60: 1-BBK22010178 | B60: 44568 | C60: 250025 | E60: SUGENG | F60: BAN.018 | G60: MARSET 1100 | H60: PCS | I60: S 9086 UJ | K60: 418603 | L60: DUMP TRUCK BESAR | M60: FORTUNA PERSADA INTI | N60: BAMBANG | O60: 1 | P60: 65266.772 | Q60: 65266.772 | R60: ISMAIL
A61: 1-BBK22010179 | B61: 44568 | C61: 250039 | E61: SUGENG | F61: BAN.018 | G61: MARSET 1100 | H61: PCS | I61: S 9362 UJ | K61: 326985 | L61: DUMP TRUCK BESAR | M61: HAKIKI TRANSINDO SEJATI | N61: ANTOK | O61: 1 | P61: 65266.772 | Q61: 65266.772 | R61: ISMAIL
A62: 1-BBK22010180 | B62: 44568 | C62: 250040 | E62: SUGENG | F62: BAN.018 | G62: MARSET 1100 | H62: PCS | I62: S 9362 UJ | K62: 326985 | L62: DUMP TRUCK BESAR | M62: HAKIKI TRANSINDO SEJATI | N62: ANTOK | O62: 1 | P62: 65266.772 | Q62: 65266.772 | R62: ISMAIL
A63: 1-BBK22010182 | B63: 44568 | C63: 250035 | E63: SUGENG | F63: BAN.018 | G63: MARSET 1100 | H63: PCS | I63: S 9358 UJ | K63: 355553 | L63: DUMP TRUCK BESAR | M63: JASA ELOK TRANSINDO | N63: DENI | O63: 1 | P63: 65266.772 | Q63: 65266.772 | R63: ISMAIL
A64: 1-BBK22010183 | B64: 44568 | C64: 250034 | E64: SUGENG | F64: BAN.018 | G64: MARSET 1100 | H64: PCS | I64: S 9358 UJ | K64: 355553 | L64: DUMP TRUCK BESAR | M64: JASA ELOK TRANSINDO | N64: DENI | O64: 1 | P64: 65266.772 | Q64: 65266.772 | R64: ISMAIL
A65: 1-BBK22010184 | B65: 44568 | C65: 250023 | E65: SUGENG | F65: BAN.018 | G65: MARSET 1100 | H65: PCS | I65: S 9357 UJ | K65: 345733 | L65: DUMP TRUCK BESAR | M65: LESTARI FORTUNA CEMERLANG | N65: HADI | O65: 1 | P65: 65266.772 | Q65: 65266.772 | R65: ISMAIL
A66: 1-BBK22010185 | B66: 44568 | C66: 250033 | E66: SUGENG | F66: BAN.018 | G66: MARSET 1100 | H66: PCS | I66: S 9357 UJ | K66: 245733 | L66: DUMP TRUCK BESAR | M66: LESTARI FORTUNA CEMERLANG | N66: HADI | O66: 1 | P66: 65266.772 | Q66: 65266.772 | R66: ISMAIL
A67: 1-BBK22010187 | B67: 44568 | C67: 250022 | E67: SUGENG | F67: BAN.018 | G67: MARSET 1100 | H67: PCS | I67: S 9175 UJ | K67: 327560 | L67: TRONTON | M67: OMEGA MEGA GEMILANG | N67: SURYONO | O67: 1 | P67: 65266.772 | Q67: 65266.772 | R67: ISMAIL
... A124: 1-BBK22020031 | B124: 44594 | C124: SP106163 | E124: SUGENG | F124: BAN.019 | G124: MARSET 750 | H124: PCS | I124: S 9412 UJ | K124: 193870 | L124: COLT DIESEL | M124: FORTUNA PERSADA INTI | N124: MACHMUD | O124: 1 | P124: 48352.764 | Q124: 48352.764 | R124: ISMAIL
A125: 1-BBK22020027 | B125: 44594 | C125: STORING LUMAJANG | E125: IKHWAN | F125: BAN.019 | G125: MARSET 750 | H125: PCS | I125: S 9359 UJ | K125: 163316 | L125: COLT DIESEL | M125: PETRA ESA TRANSINDO | O125: 2 | P125: 48352.764 | Q125: 96705.528 | R125: ISMAIL
A126: 1-BBK22020017 | B126: 44594 | C126: BAN DALAM | E126: SULIS | F126: BAN.019 | G126: MARSET 750 | H126: PCS | I126: AD 8050 OY | K126: 57205 | L126: COLT DIESEL | M126: KARUNIA MEGA UNTUNG | N126: YOHANIS | O126: 1 | P126: 48352.764 | Q126: 48352.764 | R126: ISMAIL
A127: 1-BBK22010811 | B127: 44590 | C127: SP106119 | E127: SELAMET | F127: BAN.019 | G127: MARSET 750 | H127: PCS | I127: S 9413 UJ | K127: 206385 | L127: COLT DIESEL | M127: BINA TUNAS SENTOSA | N127: SIGGIT PURNOMO | O127: 1 | P127: 73510.862 | Q127: 73510.862 | R127: ISMAIL
A128: 1-BBK22010810 | B128: 44590 | C128: SP10648 | E128: SELAMET | F128: BAN.019 | G128: MARSET 750 | H128: PCS | I128: S 9413 UJ | K128: 206385 | L128: COLT DIESEL | M128: BINA TUNAS SENTOSA | N128: SIGIT PURNOMO | O128: 1 | P128: 73510.862 | Q128: 73510.862 | R128: ISMAIL
A129: 1-BBK22010809 | B129: 44590 | C129: SP10632 | E129: SELAMET | F129: BAN.019 | G129: MARSET 750 | H129: PCS | I129: S 9352 UJ | K129: 162025 | L129: COLT DIESEL | M129: PETRA ESA TRANSINDO | N129: BERNADUS | O129: 1 | P129: 73510.862 | Q129: 73510.862 | R129: ISMAIL
A130: 1-BBK22010808 | B130: 44590 | C130: SP106142 | E130: SELAMET | F130: BAN.019 | G130: MARSET 750 | H130: PCS | I130: S 9352 UJ | K130: 162025 | L130: COLT DIESEL | M130: PETRA ESA TRANSINDO | N130: BERNADUS | O130: 1 | P130: 73510.862 | Q130: 73510.862 | R130: ISMAIL
A131: 1-BBK22010807 | B131: 44590 | C131: SP10640 | E131: SELAMET | F131: BAN.019 | G131: MARSET 750 | H131: PCS | I131: AD 8064 OY | K131: 47526 | L131: COLT DIESEL | M131: JASA ANUGERAH MUSTIKA | N131: MUKIYAT | O131: 1 | P131: 73510.862 | Q131: 73510.862 | R131: ISMAIL
A132: 1-BBK22010177 | B132: 44568 | C132: 250002 | E132: SUGENG | F132: BAN.019 | G132: MARSET 750 | H132: PCS | I132: AD 8061 OY | K132: 53750 | L132: COLT DIESEL | M132: GARDA PERDANA SENTOSA | N132: UTOMO | O132: 1 | P132: 62695.633 | Q132: 62695.633 | R132: ISMAIL
A133: 1-BBK22010203 | B133: 44571 | C133: BAN DALAM 750 MARSET 750 | E133: MUSTAKIM | F133: BAN.019 | G133: MARSET 750 | H133: PCS | I133: S 8975 UJ | K133: 221080 | L133: COLT DIESEL | M133: JASA ELOK TRANSINDO | N133: KARLAN | O133: 1 | P133: 62695.633 | Q133: 62695.633 | R133: ISMAIL
A134: 1-BBK22010173 | B134: 44568 | C134: 12042/SP10614 | E134: SUGENG | F134: BAN.019 | G134: MARSET 750 | H134: PCS | I134: S 9354 UJ | K134: 163652 | L134: COLT DIESEL | M134: PETRA ESA TRANSINDO | N134: FERDINANDUS | O134: 1 | P134: 62695.633 | Q134: 62695.633 | R134: ISMAIL
A135: 1-BBK22010174 | B135: 44568 | C135: A0211084 | E135: SUGENG | F135: BAN.019 | G135: MARSET 750 | H135: PCS | I135: S 9354 UJ | K135: 163652 | L135: COLT DIESEL | M135: PETRA ESA TRANSINDO | N135: FERDINANDUS | O135: 1 | P135: 62695.633 | Q135: 62695.633 | R135: ISMAIL
A136: 1-BBK22010171 | B136: 44568 | C136: 250018 | E136: SUGENG | F136: BAN.019 | G136: MARSET 750 | H136: PCS | I136: S 9354 UJ | K136: 163652 | L136: COLT DIESEL | M136: PETRA ESA TRANSINDO | N136: FERDINANDUS | O136: 1 | P136: 62695.633 | Q136: 62695.633 | R136: ISMAIL
A137: 1-BBK22010172 | B137: 44568 | C137: 250017 | E137: SUGENG | F137: BAN.019 | G137: MARSET 750 | H137: PCS | I137: S 9354 UJ | K137: 163652 | L137: COLT DIESEL | M137: PETRA ESA TRANSINDO | N137: FERDINANDUS | O137: 1 | P137: 62695.633 | Q137: 62695.633 | R137: ISMAIL
... A158: 1-BBK22010146 | B158: 44568 | C158: 250014 | E158: SUGENG | F158: BAN.019 | G158: MARSET 750 | H158: PCS | I158: S 9109 UJ | K158: 241147 | L158: COLT DIESEL | M158: DAMAI ELOK ANDALAN | N158: DIDIK KURNIAWAN | O158: 1 | P158: 62695.633 | Q158: 62695.633 | R158: ISMAIL
A159: 1-BBK22010174 | B159: 44568 | C159: A0211084 | D159: =VLOOKUP(C159,Tabel_Kueri1[[KodeBan]:[Nopol]],2,0) -> S 9354 UJ | E159: SUGENG | F159: BAN.020 | G159: BAN LUAR 750 GY (VLK) | H159: PCS | I159: S 9354 UJ | J159: =D159=I159 -> TRUE | K159: 163652 | L159: COLT DIESEL | M159: PETRA ESA TRANSINDO | N159: 201021 | O159: 1 | P159: 550000 | Q159: 550000 | R159: ISMAIL
A160: 1-BBK22020037 | B160: 44594 | C160: 101027-VLK | D160: =VLOOKUP(C160,Tabel_Kueri1[[KodeBan]:[Nopol]],2,0) -> S 9310 UK | E160: SUGENG | F160: BAN.021 | G160: BAN LUAR 750 BS (VLK) | H160: PCS | I160: S 9310 UK | J160: =D160=I160 -> TRUE | K160: 76231 | L160: COLT DIESEL | M160: HARUM KARYA INDAH | N160: 106389 | O160: 1 | P160: 620000 | Q160: 620000 | R160: ISMAIL
A161: 1-BBK22010815 | B161: 44590 | C161: BAN DALAM DAN MARSET TECHKING 1000 | E161: SUGENG | F161: BAN.030 | G161: BAN DALAM 1000 TECHKING | H161: PCS | I161: S 8790 UJ | K161: 409887 | L161: DUMP TRUCK BESAR | M161: OMEGA MEGA GEMILANG | N161: ANWAR | O161: 2 | P161: 0 | Q161: 0 | R161: ISMAIL
A162: 1-BBK22010817 | B162: 44590 | C162: BAN DALAM DAN MARSET TECHKING 1000 | E162: SUGENG | F162: BAN.030 | G162: BAN DALAM 1000 TECHKING | H162: PCS | I162: S 9228 UJ | K162: 310164 | L162: TRONTON | M162: CAHAYA UNGGUL SENTOSA | N162: ALI NUR | O162: 3 | P162: 0 | Q162: 0 | R162: ISMAIL
A163: 1-BBK22010867 | B163: 44592 | C163: 250046/A210824079005 | E163: SUGENG | F163: BAN.030 | G163: BAN DALAM 1000 TECHKING | H163: PCS | I163: S 9084 UJ | K163: 406733 | L163: DUMP TRUCK BESAR | M163: LESTARI ERA MAKMUR | N163: SUWIGNYO | O163: 1 | P163: 0 | Q163: 0 | R163: ISMAIL
A164: 1-BBK22010867 | B164: 44592 | C164: 250046/A210824079005 | E164: SUGENG | F164: BAN.031 | G164: MARSET 1000 TECHKING | H164: PCS | I164: S 9084 UJ | K164: 406733 | L164: DUMP TRUCK BESAR | M164: LESTARI ERA MAKMUR | N164: SUWIGNYO | O164: 1 | P164: 0 | Q164: 0 | R164: ISMAIL
A165: 1-BBK22010817 | B165: 44590 | C165: BAN DALAM DAN MARSET TECHKING 1000 | E165: SUGENG | F165: BAN.031 | G165: MARSET 1000 TECHKING | H165: PCS | I165: S 9228 UJ | K165: 310164 | L165: TRONTON | M165: CAHAYA UNGGUL SENTOSA | N165: ALI NUR | O165: 3 | P165: 0 | Q165: 0 | R165: ISMAIL
A166: 1-BBK22010815 | B166: 44590 | C166: BAN DALAM DAN MARSET TECHKING 1000 | E166: SUGENG | F166: BAN.031 | G166: MARSET 1000 TECHKING | H166: PCS | I166: S 8790 UJ | K166: 409887 | L166: DUMP TRUCK BESAR | M166: OMEGA MEGA GEMILANG | N166: ANWAR | O166: 2 | P166: 0 | Q166: 0 | R166: ISMAIL
A167: 1-BBK22020030 | B167: 44594 | C167: BD 1100, MARSET 1100 | E167: SUGENG | F167: BAN.040 | G167: BAN DALAM 1100 | H167: PCS | I167: S 9362 UJ | K167: 326985 | L167: DUMP TRUCK BESAR | M167: HAKIKI TRANSINDO SEJATI | N167: ANTOK | O167: 2 | P167: 109754.21 | Q167: 219508.42 | R167: ISMAIL
A168: 1-BBK22020029 | B168: 44594 | C168: BD 1100, MARSET 1100 | E168: SUGENG | F168: BAN.040 | G168: BAN DALAM 1100 | H168: PCS | I168: S 8796 UJ | K168: 362658 | L168: DUMP TRUCK BESAR | M168: HARMONI CAHAYA LESTARI | N168: SUWARNO | O168: 2 | P168: 109754.21 | Q168: 219508.42 | R168: ISMAIL
A169: 1-BBK22020028 | B169: 44594 | C169: BAN DALAM 1100 MARSET 1100 | E169: SUGENG | F169: BAN.040 | G169: BAN DALAM 1100 | H169: PCS | I169: S 9363 UJ | K169: 323138 | L169: DUMP TRUCK BESAR | M169: GALAXY NUSA INDAH | N169: WAHYU | O169: 2 | P169: 109754.21 | Q169: 219508.42 | R169: ISMAIL
A170: 1-BBK22020026 | B170: 44594 | C170: BAN DALAM 1100 | E170: SUGENG | F170: BAN.040 | G170: BAN DALAM 1100 | H170: PCS | I170: S 9195 UJ | K170: 1 | L170: TRONTON | M170: MUSTIKA ABADI NUSATRANS | N170: KASMANI | O170: 2 | P170: 109754.21 | Q170: 219508.42 | R170: ISMAIL
A171: 1-BBK22020045 | B171: 44595 | C171: BAN DALAM 1100 | E171: SUGENG | F171: BAN.040 | G171: BAN DALAM 1100 | H171: PCS | I171: S 9175 UJ | K171: 333435 | L171: TRONTON | M171: OMEGA MEGA GEMILANG | N171: SURYONO | O171: 1 | P171: 109754.21 | Q171: 109754.21 | R171: ISMAIL
A172: 1-BBK22020112 | B172: 44596 | C172: 250119 | E172: SUGENG | F172: BAN.040 | G172: BAN DALAM 1100 | H172: PCS | I172: S 9068 UJ | K172: 323234 | L172: TRONTON | M172: FORTUNA PERSADA INTI | N172: PRADIPTA | O172: 1 | P172: 109754.21 | Q172: 109754.21 | R172: ISMAIL
... A220: 1-BBK22010720 | B220: 44587 | C220: BAN DALAM 750 | E220: SELAMET | F220: BAN.061 | G220: BAN DALAM 750 | H220: PCS | I220: AD 8087 OY | K220: 42597 | L220: COLT DIESEL | M220: EKA LAKSANA UTAMA | N220: DESTA | O220: 1 | P220: 126896.7 | Q220: 126896.7 | R220: ISMAIL
A221: 1-BBK22010707 | B221: 44587 | C221: SP10668 | D221: =VLOOKUP(C221,Tabel_Kueri1[[KodeBan]:[Nopol]],2,0) -> AD 8064 OY | E221: SUGENG | F221: BAN.061 | G221: BAN DALAM 750 | H221: PCS | I221: AD 8064 OY | J221: =D221=I221 -> TRUE | K221: 47526 | L221: COLT DIESEL | M221: JASA ANUGERAH MUSTIKA | N221: MUKIYAT | O221: 1 | P221: 126896.7 | Q221: 126896.7 | R221: ISMAIL
A222: 1-BBK22010810 | B222: 44590 | C222: SP10648 | D222: =VLOOKUP(C222,Tabel_Kueri1[[KodeBan]:[Nopol]],2,0) -> S 9489 UJ | E222: SELAMET | F222: BAN.061 | G222: BAN DALAM 750 | H222: PCS | I222: S 9413 UJ | J222: =D222=I222 -> FALSE | K222: 206385 | L222: COLT DIESEL | M222: BINA TUNAS SENTOSA | N222: SIGIT PURNOMO | O222: 1 | P222: 126896.7 | Q222: 126896.7 | R222: ISMAIL
A223: 1-BBK22010809 | B223: 44590 | C223: SP10632 | D223: =VLOOKUP(C223,Tabel_Kueri1[[KodeBan]:[Nopol]],2,0) -> L 8962 UJ | E223: SELAMET | F223: BAN.061 | G223: BAN DALAM 750 | H223: PCS | I223: S 9352 UJ | J223: =D223=I223 -> FALSE | K223: 162025 | L223: COLT DIESEL | M223: PETRA ESA TRANSINDO | N223: BERNADUS | O223: 1 | P223: 126896.7 | Q223: 126896.7 | R223: ISMAIL
...

Sheet Sheet8
A1: Data returned for Hitung dari Nopol, 103695 (First 1000 rows).
A3: Kueri3[KodeBan] | B3: Kueri3[Nopol] | C3: Kueri3[Merk] | D3: Kueri3[Ukuran] | E3: Kueri3[Tipe] | F3: Kueri3[Tanggal] | G3: Kueri3[Status] | H3: Kueri3[Posisi] | I3: Kueri3[KM] | J3: Kueri3[Keterangan] | K3: Kueri3[Void] | L3: Kueri3[Kondisi] | M3: Kueri3[Status Lepas] | N3: Kueri3[Tanggal Lepas] | O3: Kueri3[KM Lepas] | P3: Kueri3[Keterangan Lepas] | Q3: Kueri3[Kondisi Lepas] | R3: Kueri3[Status Akhir] | S3: Kueri3[Umur] | T3: Kueri3[Unik] | U3: Kueri3[Umur1] | V3: Kueri3[Tanggal (Tahun)] | W3: Kueri3[Tanggal (Kuartal)] | X3: Kueri3[Tanggal (Bulan)] | Y3: Kueri3[Tanggal Lepas (Bulan)] | Z3: Kueri3[Tanggal (Indeks Bulan)] | AA3: Kueri3[Tanggal Lepas (Indeks Bulan)]
A4: 103695 | B4: S 9156 UJ | C4: BS | D4: 1100 | E4: ORI | F4: 44278 | G4: PASANG | H4: 3 | I4: 262376 | J4: PASANG BARU | K4: N | M4: LEPAS | N4: 44584 | O4: 327080 | P4: ROTASI KE POSISI 6 | Q4: MASUK GUDANG | R4: LEPAS | S4: 64704 | T4: 103695-S 9156 UJ-3 | U4: 64704 | V4: 2021 | W4: Qtr1 | X4: Mar | Y4: Jan | Z4: 3 | AA4: 1
A5: 103695 | B5: S 9156 UJ | C5: BS | D5: 1100 | E5: ORI | F5: 44278 | G5: PASANG | H5: 6 | I5: 103695 | J5: PASANG BARU | K5: N | M5: LEPAS | N5: 44596 | O5: 329558 | P5: PECAH | Q5: RUSAK | R5: LEPAS | S5: 225863 | T5: 103695-S 9156 UJ-6 | U5: 225863 | V5: 2021 | W5: Qtr1 | X5: Mar | Y5: Feb | Z5: 3 | AA5: 2

Sheet Query1
A1: ID | B1: KodeBan | C1: Merk | D1: Tipe | E1: Ukuran | F1: Tanggal | G1: Status | H1: Posisi | I1: KM | J1: Keterangan | K1: Void | L1: Kondisi | M1: ID Sebelumnya | N1: ID Selanjutnya | O1: Tanggal 2 | P1: Status 2 | Q1: Posisi 2 | R1: KM 2 | S1: Keterangan 2 | T1: Void 2 | U1: Kondisi 2
A2: 7606 | B2: ICO2055007 | C2: ADV | D2: ORI | E2: 1100 | F2: 44343 | G2: PASANG | H2: 7 | I2: 235337 | J2: PASANG BARU | K2: N | N2: 7607 | O2: 44572 | P2: LEPAS | Q2: 7 | R2: 280778 | S2: WO | T2: N | U2: MASUK GUDANG
A3: 7607 | B3: ICO2055007 | C3: ADV | D3: ORI | E3: 1100 | F3: 44572 | G3: LEPAS | H3: 7 | I3: 280778 | J3: WO | K3: N | L3: MASUK GUDANG | M3: 7606 | N3: 7608 | O3: 44572 | P3: PASANG | Q3: 11 | R3: 325400 | S3: PASANG BAN EX S 9235 UJ | T3: N
A4: 7608 | B4: ICO2055007 | C4: ADV | D4: ORI | E4: 1100 | F4: 44572 | G4: PASANG | H4: 11 | I4: 325400 | J4: PASANG BAN EX S 9235 UJ | K4: N | M4: 7607
A5: 7201 | B5: 01001311303 | C5: CST | D5: ORI | E5: 1100 | F5: 44587 | G5: PASANG | H5: 11 | I5: 312995 | J5: PASANG BAN VULKAMISIR EX S 9156 UJ | K5: N | N5: 7757 | O5: 44593 | P5: LEPAS | Q5: 11 | R5: 313963 | S5: SCP | T5: N | U5: RUSAK
A6: 7757 | B6: 01001311303 | C6: CST | D6: ORI | E6: 1100 | F6: 44593 | G6: LEPAS | H6: 11 | I6: 313963 | J6: SCP | K6: N | L6: RUSAK | M6: 7201
A7: 7751 | B7: 01001352953 | C7: CST | D7: ORI | E7: 1100 | F7: 44494 | G7: PASANG | H7: 3 | I7: 298235 | J7: PASANG BAN EX | K7: N | N7: 7752 | O7: 44596 | P7: LEPAS | Q7: 3 | R7: 323234 | S7: ROTASI KE POSISI 11 | T7: N | U7: MASUK GUDANG
A8: 7752 | B8: 01001352953 | C8: CST | D8: ORI | E8: 1100 | F8: 44596 | G8: LEPAS | H8: 3 | I8: 323234 | J8: ROTASI KE POSISI 11 | K8: N | L8: MASUK GUDANG | M8: 7751
A9: 7754 | B9: 01001352953 | C9: CST | D9: ORI | E9: 1100 | F9: 44494 | G9: PASANG | H9: 11 | I9: 298235 | J9: PASANG BAN EX | K9: N
A10: 7610 | B10: 01001352953 | C10: CST | D10: ORI | E10: 1100 | F10: 44545 | G10: PASANG | H10: 2 | I10: 323835 | J10: PASANG BAN EX S 9068 UJ | K10: N | N10: 7613 | O10: 44565 | P10: LEPAS | Q10: 2 | R10: 327560 | S10: WO | T10: N | U10: RUSAK
A11: 7613 | B11: 01001352953 | C11: CST | D11: ORI | E11: 1100 | F11: 44565 | G11: LEPAS | H11: 2 | I11: 327560 | J11: WO | K11: N | L11: RUSAK | M11: 7610
A12: 7171 | B12: 01001352961 | C12: CST | D12: ORI | E12: 1100 | F12: 44584 | G12: LEPAS | H12: 7 | I12: 312462 | J12: SEPARATION | K12: N | L12: RUSAK | M12: 4654 | N12: 7276 | O12: 44584 | P12: PASANG | Q12: 11 | R12: 357472 | S12: PASANG BAN EX S 9196 UJ | T12: N
A13: 7276 | B13: 01001352961 | C13: CST | D13: ORI | E13: 1100 | F13: 44584 | G13: PASANG | H13: 11 | I13: 357472 | J13: PASANG BAN EX S 9196 UJ | K13: N | M13: 7171
A14: 4654 | B14: 01001352961 | C14: CST | D14: ORI | E14: 1100 | F14: 44048 | G14: PASANG | H14: 7 | I14: 192408 | J14: PASANG BARU | K14: N | N14: 7171 | O14: 44584 | P14: LEPAS | Q14: 7 | R14: 312462 | S14: SEPARATION | T14: N | U14: RUSAK
A15: 7351 | B15: 01001366911 | C15: CST | D15: ORI | E15: 1100 | F15: 44306 | G15: PASANG | H15: 7 | I15: 290746 | J15: PASANG BAN EX | K15: N | N15: 7354 | O15: 44569 | P15: LEPAS | Q15: 7 | R15: 290746 | S15: WO | T15: N | U15: MASUK GUDANG
A16: 7354 | B16: 01001366911 | C16: CST | D16: ORI | E16: 1100 | F16: 44569 | G16: LEPAS | H16: 7 | I16: 290746 | J16: WO | K16: N | L16: MASUK GUDANG | M16: 7351 | N16: 7359 | O16: 44570 | P16: PASANG | Q16: 11 | R16: 338849 | S16: PASANG BAN EX S 9194 UJ | T16: N
A17: 7359 | B17: 01001366911 | C17: CST | D17: ORI | E17: 1100 | F17: 44570 | G17: PASANG | H17: 11 | I17: 338849 | J17: PASANG BAN EX S 9194 UJ | K17: N | M17: 7354
A18: 4267 | B18: 01001495573 | C18: CST | D18: ORI | E18: 750 | F18: 44359 | G18: PASANG | H18: 7 | I18: 211724 | J18: PASANG BAN EX | K18: N | N18: 7941 | O18: 44601 | P18: LEPAS | Q18: 7 | R18: 256795 | S18: WO | T18: N | U18: RUSAK
A19: 7941 | B19: 01001495573 | C19: CST | D19: ORI | E19: 750 | F19: 44601 | G19: LEPAS | H19: 7 | I19: 256795 | J19: WO | K19: N | L19: RUSAK | M19: 4267
A20: 764 | B20: 01001518713 | C20: CST | D20: ORI | E20: 750 | F20: 44120 | G20: PASANG | H20: 7 | I20: 106211 | J20: PASANG BARU | K20: N
A21: 307 | B21: 01001532125 | C21: CST | D21: ORI | E21: 750 | F21: 44120 | G21: PASANG | H21: 6 | I21: 93229 | J21: PASANG BARU | K21: N | N21: 7124 | O21: 44578 | P21: LEPAS | Q21: 6 | R21: 171180 | S21: WO | T21: N | U21: RUSAK
A22: 7124 | B22: 01001532125 | C22: CST | D22: ORI | E22: 750 | F22: 44578 | G22: LEPAS | H22: 6 | I22: 171180 | J22: WO | K22: N | L22: RUSAK | M22: 307
A23: 7338 | B23: 01001547792 | C23: CST | D23: ORI | E23: 750 | F23: 44578 | G23: LEPAS | H23: 6 | I23: 179302 | J23: ROTASI KE POSISI 7 | K23: N | L23: MASUK GUDANG | M23: 859
A24: 7339 | B24: 01001547792 | C24: CST | D24: ORI | E24: 750 | F24: 44120 | G24: PASANG | H24: 7 | I24: 100808 | J24: PASANG BARU | K24: N
A25: 859 | B25: 01001547792 | C25: CST | D25: ORI | E25: 750 | F25: 44120 | G25: PASANG | H25: 6 | I25: 100808 | J25: PASANG BARU | K25: N | N25: 7338 | O25: 44578 | P25: LEPAS | Q25: 6 | R25: 179302 | S25: ROTASI KE POSISI 7 | T25: N | U25: MASUK GUDANG
A26: 257 | B26: 01001664064 | C26: CST | D26: ORI | E26: 750 | F26: 44120 | G26: PASANG | H26: 7 | I26: 148814 | J26: PASANG BARU | K26: N | N26: 7741 | O26: 44596 | P26: LEPAS | Q26: 7 | R26: 221797 | S26: BAN SUDAH TERLIHAT KAWAT | T26: N | U26: RUSAK
A27: 7741 | B27: 01001664064 | C27: CST | D27: ORI | E27: 750 | F27: 44596 | G27: LEPAS | H27: 7 | I27: 221797 | J27: BAN SUDAH TERLIHAT KAWAT | K27: N | L27: RUSAK | M27: 257
A28: 65 | B28: 01001721209 | C28: CST | D28: ORI | E28: 750 | F28: 44148 | G28: PASANG | H28: 4 | I28: 43715 | J28: PASANG BARU | K28: N | N28: 7245 | O28: 44580 | P28: LEPAS | Q28: 4 | R28: 131022 | S28: ROTASI KE POSISI 7 | T28: N | U28: MASUK GUDANG
A29: 7245 | B29: 01001721209 | C29: CST | D29: ORI | E29: 750 | F29: 44580 | G29: LEPAS | H29: 4 | I29: 131022 | J29: ROTASI KE POSISI 7 | K29: N | L29: MASUK GUDANG | M29: 65
A30: 7246 | B30: 01001721209 | C30: CST | D30: ORI | E30: 750 | F30: 44148 | G30: PASANG | H30: 7 | I30: 43715 | J30: PASANG BARU | K30: N
A31: 6819 | B31: 01001781105 | C31: CST | D31: ORI | E31: 750 | F31: 44151 | G31: PASANG | H31: 6 | I31: 97888 | J31: PASANG BARU | K31: N
A32: 7131 | B32: 01001781111 | C32: CST | D32: ORI | E32: 750 | F32: 44579 | G32: PASANG | H32: 7 | I32: 169162 | J32: PASANG BAN EX S 8957 UJ | K32: N
A33: 647 | B33: 0100178133 | C33: CST | D33: ORI | E33: 750 | F33: 44149 | G33: PASANG | H33: 7 | I33: 103399 | J33: PASANG BARU | K33: N
A34: 588 | B34: 01001795557 | C34: CST | D34: ORI | E34: 750 | F34: 44149 | G34: PASANG | H34: 7 | I34: 131086 | J34: PASANG BARU | K34: N
A35: 6818 | B35: 01001795601 | C35: CST | D35: ORI | E35: 750 | F35: 44151 | G35: PASANG | H35: 4 | I35: 97888 | J35: PASANG BARU | K35: N
A36: 2214 | B36: 01001880429 | C36: CST | D36: ORI | E36: 750 | F36: 44151 | G36: PASANG | H36: 6 | I36: 168011 | J36: PASANG BARU | K36: N | N36: 7822 | O36: 44597 | P36: LEPAS | Q36: 6 | R36: 242371 | S36: SPOT WEAR | T36: N | U36: RUSAK
A37: 7822 | B37: 01001880429 | C37: CST | D37: ORI | E37: 750 | F37: 44597 | G37: LEPAS | H37: 6 | I37: 242371 | J37: SPOT WEAR | K37: N | L37: RUSAK | M37: 2214
A38: 7843 | B38: 01001880431 | C38: CST | D38: ORI | E38: 750 | F38: 44341 | G38: PASANG | H38: 7 | I38: 203736 | J38: PASANG BAN EX | K38: N | N38: 7844 | O38: 44597 | P38: LEPAS | Q38: 7 | R38: 2423781 | S38: WO | T38: N | U38: MASUK GUDANG
A39: 7844 | B39: 01001880431 | C39: CST | D39: ORI | E39: 750 | F39: 44597 | G39: LEPAS | H39: 7 | I39: 2423781 | J39: WO | K39: N | L39: MASUK GUDANG | M39: 7843 | N39: 7845 | O39: 44599 | P39: PASANG | Q39: 6 | R39: 187133 | S39: PASANG BAN EX S 8978 UJ | T39: N
A40: 7845 | B40: 01001880431 | C40: CST | D40: ORI | E40: 750 | F40: 44599 | G40: PASANG | H40: 6 | I40: 187133 | J40: PASANG BAN EX S 8978 UJ | K40: N | M40: 7844
A41: 7824 | B41: 01001894705 | C41: CST | D41: ORI | E41: 750 | F41: 44597 | G41: LEPAS | H41: 4 | I41: 242371 | J41: ROTASI KE POSISI 7 | K41: N | L41: MASUK GUDANG | M41: 2213
A42: 7825 | B42: 01001894705 | C42: CST | D42: ORI | E42: 750 | F42: 44151 | G42: PASANG | H42: 7 | I42: 168011 | J42: PASANG BARU | K42: N
A43: 2213 | B43: 01001894705 | C43: CST | D43: ORI | E43: 750 | F43: 44151 | G43: PASANG | H43: 4 | I43: 168011 | J43: PASANG BARU | K43: N | N43: 7824 | O43: 44597 | P43: LEPAS | Q43: 4 | R43: 242371 | S43: ROTASI KE POSISI 7 | T43: N | U43: MASUK GUDANG
A44: 351 | B44: 01001923081 | C44: CST | D44: ORI | E44: 750 | F44: 44149 | G44: PASANG | H44: 3 | I44: 42334 | J44: PASANG BARU | K44: N
A45: 350 | B45: 01001965841 | C45: CST | D45: ORI | E45: 750 | F45: 44149 | G45: PASANG | H45: 2 | I45: 42334 | J45: PASANG BARU | K45: N
A46: 4216 | B46: 01001968526 | C46: CST | D46: ORI | E46: 750 | F46: 44497 | G46: PASANG | H46: 6 | I46: 56500 | J46: PASANG BAN EX S 9697 UR | K46: N | N46: 7677 | O46: 44595 | P46: LEPAS | Q46: 6 | R46: 70110 | S46: SHOCK BURST | T46: N | U46: RUSAK
A47: 7677 | B47: 01001968526 | C47: CST | D47: ORI | E47: 750 | F47: 44595 | G47: LEPAS | H47: 6 | I47: 70110 | J47: SHOCK BURST | K47: N | L47: RUSAK | M47: 4216
A48: 2171 | B48: 01002011491 | C48: CST | D48: ORI | E48: 750 | F48: 44124 | G48: PASANG | H48: 7 | I48: 139233 | J48: PASANG BARU | K48: N
A49: 264 | B49: 01002025615 | C49: CST | D49: ORI | E49: 750 | F49: 44116 | G49: PASANG | H49: 4 | I49: 103123 | J49: PASANG BARU | K49: N | N49: 7848 | O49: 44599 | P49: LEPAS | Q49: 4 | R49: 196300 | S49: WO | T49: N | U49: MASUK GUDANG
A50: 7848 | B50: 01002025615 | C50: CST | D50: ORI | E50: 750 | F50: 44599 | G50: LEPAS | H50: 4 | I50: 196300 | J50: WO | K50: N | L50: MASUK GUDANG | M50: 264 | N50: 7981 | O50: 44602 | P50: PASANG | Q50: 7 | R50: 164322 | S50: PASANG BAN EX S 9515 UJ | T50: N
A51: 7981 | B51: 01002025615 | C51: CST | D51: ORI | E51: 750 | F51: 44602 | G51: PASANG | H51: 7 | I51: 164322 | J51: PASANG BAN EX S 9515 UJ | K51: N | M51: 7848
A52: 4270 | B52: 01002025640 | C52: CST | D52: ORI | E52: 750 | F52: 44273 | G52: PASANG | H52: 7 | I52: 156923 | J52: PASANG BAN EX | K52: N
A53: 4256 | B53: 01002107077 | C53: CST | D53: ORI | E53: 750 | F53: 44105 | G53: PASANG | H53: 1 | I53: 257915 | J53: PASANG BARU | K53: N
A54: 4302 | B54: 01002107880 | C54: CST | D54: ORI | E54: 750 | F54: 44508 | G54: PASANG | H54: 3 | I54: 172807 | J54: PASANG BAN EX | K54: N | N54: 7142 | O54: 44579 | P54: LEPAS | Q54: 3 | R54: 185922 | S54: WO | T54: N | U54: MASUK GUDANG
A55: 7513 | B55: 01002107880 | C55: CST | D55: ORI | E55: 750 | F55: 44580 | G55: PASANG | H55: 4 | I55: 47545 | J55: PASANG BAN EX S 9530 UJ | K55: N | M55: 7142 | N55: 7952 | O55: 44601 | P55: LEPAS | Q55: 4 | R55: 49325 | S55: WO | T55: N | U55: MASUK GUDANG
A56: 7142 | B56: 01002107880 | C56: CST | D56: ORI | E56: 750 | F56: 44579 | G56: LEPAS | H56: 3 | I56: 185922 | J56: WO | K56: N | L56: MASUK GUDANG | M56: 4302 | N56: 7513 | O56: 44580 | P56: PASANG | Q56: 4 | R56: 47545 | S56: PASANG BAN EX S 9530 UJ | T56: N
A57: 7952 | B57: 01002107880 | C57: CST | D57: ORI | E57: 750 | F57: 44601 | G57: LEPAS | H57: 4 | I57: 49325 | J57: WO | K57: N | L57: MASUK GUDANG | M57: 7513
A58: 414 | B58: 01002107920 | C58: CST | D58: ORI | E58: 750 | F58: 44495 | G58: PASANG | H58: 7 | I58: 47794 | J58: BAN EX S 9697 UR | K58: N
A59: 2146 | B59: 01002118663 | C59: CST | D59: ORI | E59: 750 | F59: 44149 | G59: PASANG | H59: 6 | I59: 154288 | J59: PASANG BARU | K59: N | N59: 7070 | O59: 44578 | P59: LEPAS | Q59: 6 | R59: 230885 | S59: SHOCBURST | T59: N | U59: RUSAK
A60: 7070 | B60: 01002118663 | C60: CST | D60: ORI | E60: 750 | F60: 44578 | G60: LEPAS | H60: 6 | I60: 230885 | J60: SHOCBURST | K60: N | L60: RUSAK | M60: 2146
A61: 392 | B61: 01002118683 | C61: CST | D61: ORI | E61: 750 | F61: 44543 | G61: PASANG | H61: 7 | I61: 148225 | J61: BAN EX S 9403 UJ | K61: N
A62: 2150 | B62: 01002118685 | C62: CST | D62: ORI | E62: 750 | F62: 44149 | G62: PASANG | H62: 7 | I62: 154288 | J62: PASANG BARU | K62: N | N62: 6773 | O62: 44567 | P62: LEPAS | Q62: 7 | R62: 229720 | S62: WO | T62: N | U62: RUSAK
A63: 6773 | B63: 01002118685 | C63: CST | D63: ORI | E63: 750 | F63: 44567 | G63: LEPAS | H63: 7 | I63: 229720 | J63: WO | K63: N | L63: RUSAK | M63: 2150
A64: 96 | B64: 01002121303 | C64: CST | D64: ORI | E64: 750 | F64: 44105 | G64: PASANG | H64: 6 | I64: 158179 | J64: PASANG BARU | K64: N | N64: 7732 | O64: 44596 | P64: LEPAS | Q64: 6 | R64: 246284 | S64: BAN SUDAH TERLIHAT KAWAT | T64: N | U64: RUSAK
A65: 7732 | B65: 01002121303 | C65: CST | D65: ORI | E65: 750 | F65: 44596 | G65: LEPAS | H65: 6 | I65: 246284 | J65: BAN SUDAH TERLIHAT KAWAT | K65: N | L65: RUSAK | M65: 96
A66: 546 | B66: 01002134917 | C66: CST | D66: ORI | E66: 750 | F66: 44152 | G66: PASANG | H66: 3 | I66: 158006 | J66: PASANG BARU | K66: N
A67: 6991 | B67: 01002186301 | C67: CST | D67: ORI | E67: 750 | F67: 44148 | G67: PASANG | H67: 4 | I67: 93805 | J67: PASANG BARU | K67: N
A68: 64 | B68: 01002186315 | C68: CST | D68: ORI | E68: 750 | F68: 44148 | G68: PASANG | H68: 2 | I68: 43715 | J68: PASANG BARU | K68: N
A69: 6992 | B69: 01002199855 | C69: CST | D69: ORI | E69: 750 | F69: 44148 | G69: PASANG | H69: 6 | I69: 93805 | J69: PASANG BARU | K69: N
A70: 349 | B70: 01002213195 | C70: CST | D70: ORI | E70: 750 | F70: 44149 | G70: PASANG | H70: 5 | I70: 42334 | J70: PASANG BARU | K70: N
A71: 6977 | B71: 01002226403 | C71: CST | D71: ORI | E71: 750 | F71: 44148 | G71: PASANG | H71: 6 | I71: 165609 | J71: PASANG BARU | K71: N
A72: 278 | B72: 01002226415 | C72: CST | D72: ORI | E72: 750 | F72: 44149 | G72: PASANG | H72: 2 | I72: 43875 | J72: PASANG BARU | K72: N
A73: 63 | B73: 01002239709 | C73: CST | D73: ORI | E73: 750 | F73: 44148 | G73: PASANG | H73: 6 | I73: 43715 | J73: PASANG BARU | K73: N | N73: 7244 | O73: 44580 | P73: LEPAS | Q73: 6 | R73: 131022 | S73: CUT SEPA | T73: N | U73: RUSAK
A74: 7244 | B74: 01002239709 | C74: CST | D74: ORI | E74: 750 | F74: 44580 | G74: LEPAS | H74: 6 | I74: 131022 | J74: CUT SEPA | K74: N | L74: RUSAK | M74: 63
A75: 330 | B75: 011680 | C75: BS | D75: ORI | E75: 750 | F75: 44508 | G75: PASANG | H75: 4 | I75: 62788 | J75: PASANG BARU | K75: N
A76: 724 | B76: 011681 | C76: BS | D76: ORI | E76: 750 | F76: 44506 | G76: PASANG | H76: 6 | I76: 218377 | J76: PASANG BARU | K76: N
A77: 329 | B77: 011682 | C77: BS | D77: ORI | E77: 750 | F77: 44508 | G77: PASANG | H77: 6 | I77: 62788 | J77: PASANG BARU | K77: N
A78: 717 | B78: 011683 | C78: BS | D78: ORI | E78: 750 | F78: 44509 | G78: PASANG | H78: 6 | I78: 99753 | J78: PASANG BARU | K78: N
A79: 716 | B79: 011684 | C79: BS | D79: ORI | E79: 750 | F79: 44509 | G79: PASANG | H79: 4 | I79: 99753 | J79: PASANG BARU | K79: N
A80: 299 | B80: 011685 | C80: BS | D80: ORI | E80: 750 | F80: 44508 | G80: PASANG | H80: 4 | I80: 180188 | J80: PASANG BARU | K80: N
A81: 580 | B81: 011685 | C81: BS | D81: ORI | E81: 750 | F81: 44515 | G81: PASANG | H81: 5 | I81: 185257 | J81: PASANG BARU | K81: N
A82: 468 | B82: 011687-9544 | C82: BS | D82: ORI | E82: 750 | F82: 44516 | G82: PASANG | H82: 5 | I82: 179574 | J82: PASANG BARU | K82: N
A83: 815 | B83: 011688 | C83: BS | D83: ORI | E83: 750 | F83: 44513 | G83: PASANG | H83: 1 | I83: 177324 | J83: PASANG BARU | K83: N
A84: 2211 | B84: 011689 | C84: BS | D84: ORI | E84: 750 | F84: 44513 | G84: PASANG | H84: 4 | I84: 220287 | J84: PASANG BARU | K84: N
A85: 6808 | B85: 011690 | F85: 44512 | G85: PASANG | H85: 3 | I85: 146616 | J85: PASANG BARU | K85: N
A86: 579 | B86: 011691 | C86: BS | D86: ORI | E86: 750 | F86: 44515 | G86: PASANG | H86: 3 | I86: 185257 | J86: PASANG BARU | K86: N
A87: 469 | B87: 011692-9544 | C87: BS | D87: ORI | E87: 750 | F87: 44516 | G87: PASANG | H87: 3 | I87: 179574 | J87: PASANG BARU | K87: N
A88: 563 | B88: 011693 | C88: BS | D88: ORI | E88: 750 | F88: 44517 | G88: PASANG | H88: 2 | I88: 46981 | J88: PASANG BARU | K88: N
A89: 2212 | B89: 011694 | C89: BS | D89: ORI | E89: 750 | F89: 44513 | G89: PASANG | H89: 6 | I89: 220287 | J89: PASANG BARU | K89: N
A90: 30 | B90: 011695 | C90: BS | D90: ORI | E90: 750 | F90: 44512 | G90: PASANG | H90: 6 | I90: 203715 | J90: PASANG BARU | K90: N
A91: 6928 | B91: 011697 | C91: BS | D91: ORI | E91: 750 | F91: 44512 | G91: PASANG | H91: 2 | I91: 33506 | J91: PASANG BARU | K91: N
A92: 6926 | B92: 011698 | C92: BS | D92: ORI | E92: 750 | F92: 44512 | G92: PASANG | H92: 3 | I92: 33506 | J92: PASANG BARU | K92: N
A93: 6809 | B93: 011700 | F93: 44512 | G93: PASANG | H93: 5 | I93: 146616 | J93: PASANG BARU | K93: N
A94: 784 | B94: 011702 | C94: BS | D94: ORI | E94: 750 | F94: 44512 | G94: PASANG | H94: 5 | I94: 246482 | J94: PASANG BARU | K94: N
A95: 31 | B95: 011703 | C95: BS | D95: ORI | E95: 750 | F95: 44512 | G95: PASANG | H95: 4 | I95: 203715 | J95: PASANG BARU | K95: N
A96: 6925 | B96: 011704 | C96: BS | D96: ORI | E96: 750 | F96: 44512 | G96: PASANG | H96: 5 | I96: 33506 | J96: PASANG BARU | K96: N
A97: 2225 | B97: 011705 | C97: BS | D97: ORI | E97: 750 | F97: 44513 | G97: PASANG | H97: 6 | I97: 57222 | J97: PASANG BARU | K97: N
A98: 6927 | B98: 011706 | C98: BS | D98: ORI | E98: 750 | F98: 44512 | G98: PASANG | H98: 1 | I98: 33506 | J98: PASANG BARU | K98: N
A99: 816 | B99: 011708 | C99: BS | D99: ORI | E99: 750 | F99: 44513 | G99: PASANG | H99: 2 | I99: 177324 | J99: PASANG BARU | K99: N
A100: 2226 | B100: 011709 | C100: BS | D100: ORI | E100: 750 | F100: 44513 | G100: PASANG | H100: 4 | I100: 57222 | J100: PASANG BARU | K100: N | N100: 7520 | O100: 44580 | P100: LEPAS | Q100: 4 | R100: 69159 | S100: ROTASI KE POSISI 3 | T100: N | U100: MASUK GUDANG
...

Sheet Umur Ban Yang Bener Lepas
A2: Status Lepas | B2: All
A3: Keterangan | B3: (Multiple Items)
A4: Tipe | B4: (Multiple Items)
A5: Status Akhir | B5: LEPAS
A7: KodeBan | B7: Tanggal | C7: Tanggal Lepas | D7: Jumlah dari Umur1 | E7: Hitung dari Nopol
A8: SP106125 | D8: 0 | E8: 1
A9: 109513 | D9: 0 | E9: 1
A10: 104744 | D10: 373 | E10: 1
A11: 108847 | D11: 750 | E11: 1
A12: 108849 | D12: 750 | E12: 1
A13: 101602 | D13: 1425 | E13: 1
A14: 012800 | D14: 6134 | E14: 1
A15: 012806 | D15: 6134 | E15: 1
A16: Y1L326140/110904 | D16: 9020 | E16: 1
A17: IJ02071855 | D17: 9149 | E17: 2
A18: 110886 | D18: 10480 | E18: 2
A19: 012781 | D19: 11005 | E19: 2
... A288: Grand Total | D288: 15293354 | E288: 396

Sheet Data Ban 750
A1: KodeBan | B1: Nopol | C1: Merk | D1: Tipe | E1: Ukuran | F1: Tanggal | G1: Status | H1: KM | I1: Posisi | J1: Keterangan | K1: Void | L1: Kondisi | M1: Status Lepas | N1: bbk | O1: Perbandingan
A2: C2135903 | B2: S 9347 UJ | C2: GY | D2: ORI | E2: 750 | F2: 43857 | G2: PASANG | H2: 49566 | I2: 7 | J2: PASANG BARU | K2: N | N2: =VLOOKUP(Tabel_Kueri1[[#This Row],[KodeBan]],'Data BBK'!C:I,7,0) -> #N/A | O2: =Tabel_Kueri1[[#This Row],[bbk]]=Tabel_Kueri1[[#This Row],[Nopol]] -> #N/A
A3: SP10665 | B3: L 8963 UJ | C3: GT | D3: ORI | E3: 750 | F3: 43904 | G3: PASANG | H3: 0 | I3: 7 | J3: BAWAAN UNIT | K3: N | N3: =VLOOKUP(Tabel_Kueri1[[#This Row],[KodeBan]],'Data BBK'!C:I,7,0) -> #N/A | O3: =Tabel_Kueri1[[#This Row],[bbk]]=Tabel_Kueri1[[#This Row],[Nopol]] -> #N/A
A4: A1889217 | B4: S 8987 UJ | C4: GY | D4: ORI | E4: 750 | F4: 43936 | G4: PASANG | H4: 120987 | I4: 7 | J4: PASANG BARU | K4: N | N4: =VLOOKUP(Tabel_Kueri1[[#This Row],[KodeBan]],'Data BBK'!C:I,7,0) -> #N/A | O4: =Tabel_Kueri1[[#This Row],[bbk]]=Tabel_Kueri1[[#This Row],[Nopol]] -> #N/A
A5: A1489084 | B5: S 9355 UJ | F5: 44019 | G5: PASANG | H5: 67597 | I5: 3 | J5: PASANG BARU | K5: N | M5: LEPAS | N5: =VLOOKUP(Tabel_Kueri1[[#This Row],[KodeBan]],'Data BBK'!C:I,7,0) -> #N/A | O5: =Tabel_Kueri1[[#This Row],[bbk]]=Tabel_Kueri1[[#This Row],[Nopol]] -> #N/A
A6: A1489200 | B6: S 9479 UJ | C6: GY | D6: ORI | E6: 750 | F6: 44020 | G6: PASANG | H6: 58483 | I6: 7 | J6: PASANG BARU | K6: N | M6: LEPAS | N6: =VLOOKUP(Tabel_Kueri1[[#This Row],[KodeBan]],'Data BBK'!C:I,7,0) -> #N/A | O6: =Tabel_Kueri1[[#This Row],[bbk]]=Tabel_Kueri1[[#This Row],[Nopol]] -> #N/A
A7: B200323086006 | B7: S 9399 UJ | C7: TK | D7: ORI | E7: 750 | F7: 44021 | G7: PASANG | H7: 92294 | I7: 7 | J7: PASANG BARU | K7: N | N7: =VLOOKUP(Tabel_Kueri1[[#This Row],[KodeBan]],'Data BBK'!C:I,7,0) -> #N/A | O7: =Tabel_Kueri1[[#This Row],[bbk]]=Tabel_Kueri1[[#This Row],[Nopol]] -> #N/A
A8: 9N0110224 | B8: S 9394 UJ | C8: ADV | D8: ORI | E8: 750 | F8: 44030 | G8: PASANG | H8: 91723 | I8: 7 | J8: PASANG BARU | K8: N | N8: =VLOOKUP(Tabel_Kueri1[[#This Row],[KodeBan]],'Data BBK'!C:I,7,0) -> #N/A | O8: =Tabel_Kueri1[[#This Row],[bbk]]=Tabel_Kueri1[[#This Row],[Nopol]] -> #N/A
A9: 9N01100390 | B9: S 9109 UJ | C9: ADV | D9: ORI | E9: 750 | F9: 44041 | G9: PASANG | H9: 141816 | I9: 3 | J9: PASANG BARU | K9: N | M9: LEPAS | N9: =VLOOKUP(Tabel_Kueri1[[#This Row],[KodeBan]],'Data BBK'!C:I,7,0) -> #N/A | O9: =Tabel_Kueri1[[#This Row],[bbk]]=Tabel_Kueri1[[#This Row],[Nopol]] -> #N/A
A10: 9N01128135 | B10: S 9359 UJ | C10: ADV | D10: ORI | E10: 750 | F10: 44048 | G10: PASANG | H10: 79429 | I10: 1 | J10: PASANG BARU | K10: N | M10: LEPAS | N10: =VLOOKUP(Tabel_Kueri1[[#This Row],[KodeBan]],'Data BBK'!C:I,7,0) -> #N/A | O10: =Tabel_Kueri1[[#This Row],[bbk]]=Tabel_Kueri1[[#This Row],[Nopol]] -> #N/A
A11: 01001352961 | B11: S 9196 UJ | C11: CST | D11: ORI | E11: 1100 | F11: 44048 | G11: PASANG | H11: 192408 | I11: 7 | J11: PASANG BARU | K11: N | M11: LEPAS | N11: =VLOOKUP(Tabel_Kueri1[[#This Row],[KodeBan]],'Data BBK'!C:I,7,0) -> #N/A | O11: =Tabel_Kueri1[[#This Row],[bbk]]=Tabel_Kueri1[[#This Row],[Nopol]] -> #N/A
A12: 9N01048266 | B12: S 9001 UJ | C12: ADV | D12: ORI | E12: 750 | F12: 44057 | G12: PASANG | H12: 140135 | I12: 5 | J12: PASANG BARU | K12: N | M12: LEPAS | N12: =VLOOKUP(Tabel_Kueri1[[#This Row],[KodeBan]],'Data BBK'!C:I,7,0) -> #N/A | O12: =Tabel_Kueri1[[#This Row],[bbk]]=Tabel_Kueri1[[#This Row],[Nopol]] -> #N/A
A13: 9N01125800 | B13: S 9608 UJ | C13: ADV | D13: ORI | E13: 750 | F13: 44062 | G13: PASANG | H13: 93621 | I13: 7 | J13: PASANG SEREP | K13: N | N13: =VLOOKUP(Tabel_Kueri1[[#This Row],[KodeBan]],'Data BBK'!C:I,7,0) -> #N/A | O13: =Tabel_Kueri1[[#This Row],[bbk]]=Tabel_Kueri1[[#This Row],[Nopol]] -> #N/A
A14: OD02084208 | B14: S 9482 UJ | C14: ADV | D14: ORI | E14: 750 | F14: 44068 | G14: PASANG | H14: 92245 | I14: 2 | J14: PASANG BARU | K14: N | M14: LEPAS | N14: =VLOOKUP(Tabel_Kueri1[[#This Row],[KodeBan]],'Data BBK'!C:I,7,0) -> #N/A | O14: =Tabel_Kueri1[[#This Row],[bbk]]=Tabel_Kueri1[[#This Row],[Nopol]] -> #N/A
A15: OD02130739 | B15: S 8985 UJ | C15: ADV | D15: ORI | E15: 750 | F15: 44068 | G15: PASANG | H15: 155435 | I15: 4 | J15: PASANG BARU | K15: N | N15: =VLOOKUP(Tabel_Kueri1[[#This Row],[KodeBan]],'Data BBK'!C:I,7,0) -> #N/A | O15: =Tabel_Kueri1[[#This Row],[bbk]]=Tabel_Kueri1[[#This Row],[Nopol]] -> #N/A
A16: OE020255268 | B16: S 8909 UJ | C16: ADV | D16: ORI | E16: 750 | F16: 44068 | G16: PASANG | H16: 151740 | I16: 7 | J16: PASANG BARU | K16: N | M16: LEPAS | N16: =VLOOKUP(Tabel_Kueri1[[#This Row],[KodeBan]],'Data BBK'!C:I,7,0) -> #N/A | O16: =Tabel_Kueri1[[#This Row],[bbk]]=Tabel_Kueri1[[#This Row],[Nopol]] -> #N/A
A17: OE020255268 | B17: S 8909 UJ | C17: ADV | D17: ORI | E17: 750 | F17: 44068 | G17: PASANG | H17: 151740 | I17: 6 | J17: PASANG BARU | K17: N | M17: LEPAS | N17: =VLOOKUP(Tabel_Kueri1[[#This Row],[KodeBan]],'Data BBK'!C:I,7,0) -> #N/A | O17: =Tabel_Kueri1[[#This Row],[bbk]]=Tabel_Kueri1[[#This Row],[Nopol]] -> #N/A
A18: 9N01052923 | B18: S 8923 UJ | C18: ADV | D18: ORI | E18: 750 | F18: 44069 | G18: PASANG | H18: 154930 | I18: 4 | J18: PASANG BARU | K18: N | N18: =VLOOKUP(Tabel_Kueri1[[#This Row],[KodeBan]],'Data BBK'!C:I,7,0) -> #N/A | O18: =Tabel_Kueri1[[#This Row],[bbk]]=Tabel_Kueri1[[#This Row],[Nopol]] -> #N/A
A19: B1572835 | B19: S 9376 UJ | C19: GY | D19: ORI | E19: 750 | F19: 44069 | G19: PASANG | H19: 96945 | I19: 6 | J19: PASANG BARU | K19: N | M19: LEPAS | N19: =VLOOKUP(Tabel_Kueri1[[#This Row],[KodeBan]],'Data BBK'!C:I,7,0) -> #N/A | O19: =Tabel_Kueri1[[#This Row],[bbk]]=Tabel_Kueri1[[#This Row],[Nopol]] -> #N/A
A20: B1470866 | B20: S 9382 UJ | C20: GY | D20: ORI | E20: 750 | F20: 44070 | G20: PASANG | H20: 101484 | I20: 7 | J20: PASANG BARU | K20: N | M20: LEPAS | N20: =VLOOKUP(Tabel_Kueri1[[#This Row],[KodeBan]],'Data BBK'!C:I,7,0) -> #N/A | O20: =Tabel_Kueri1[[#This Row],[bbk]]=Tabel_Kueri1[[#This Row],[Nopol]] -> #N/A
A21: SP10654 | B21: S 9599 UR | C21: GT | D21: VLK | E21: 750 | F21: 44083 | G21: PASANG | H21: 222601 | I21: 7 | J21: PASANG BARU | K21: N | N21: =VLOOKUP(Tabel_Kueri1[[#This Row],[KodeBan]],'Data BBK'!C:I,7,0) -> #N/A | O21: =Tabel_Kueri1[[#This Row],[bbk]]=Tabel_Kueri1[[#This Row],[Nopol]] -> #N/A
A22: 9N01046434 | B22: S 9349 UJ | C22: ADV | D22: ORI | E22: 750 | F22: 44090 | G22: PASANG | H22: 86876 | I22: 6 | J22: PASANG BARU | K22: N | M22: LEPAS | N22: =VLOOKUP(Tabel_Kueri1[[#This Row],[KodeBan]],'Data BBK'!C:I,7,0) -> #N/A | O22: =Tabel_Kueri1[[#This Row],[bbk]]=Tabel_Kueri1[[#This Row],[Nopol]] -> #N/A
A23: 9N01046086 | B23: L 8774 UJ | C23: ADV | D23: ORI | E23: 750 | F23: 44091 | G23: PASANG | H23: 32064 | I23: 1 | J23: PASANG BARU | K23: N | N23: =VLOOKUP(Tabel_Kueri1[[#This Row],[KodeBan]],'Data BBK'!C:I,7,0) -> #N/A | O23: =Tabel_Kueri1[[#This Row],[bbk]]=Tabel_Kueri1[[#This Row],[Nopol]] -> #N/A
A24: 9N01214773 | B24: S 9371 UJ | C24: ADV | D24: ORI | E24: 750 | F24: 44091 | G24: PASANG | H24: 155980 | I24: 7 | J24: PASANG BARU | K24: N | M24: LEPAS | N24: =VLOOKUP(Tabel_Kueri1[[#This Row],[KodeBan]],'Data BBK'!C:I,7,0) -> #N/A | O24: =Tabel_Kueri1[[#This Row],[bbk]]=Tabel_Kueri1[[#This Row],[Nopol]] -> #N/A
A25: 9N01214773 | B25: S 9371 UJ | C25: ADV | D25: ORI | E25: 750 | F25: 44091 | G25: PASANG | H25: 82696 | I25: 2 | J25: PASANG BARU | K25: N | M25: LEPAS | N25: =VLOOKUP(Tabel_Kueri1[[#This Row],[KodeBan]],'Data BBK'!C:I,7,0) -> #N/A | O25: =Tabel_Kueri1[[#This Row],[bbk]]=Tabel_Kueri1[[#This Row],[Nopol]] -> #N/A
A26: OH02085856 | B26: S 9002 UJ | C26: ADV | D26: ORI | E26: 750 | F26: 44095 | G26: PASANG | H26: 163856 | I26: 3 | J26: PASANG BARU | K26: N | N26: =VLOOKUP(Tabel_Kueri1[[#This Row],[KodeBan]],'Data BBK'!C:I,7,0) -> #N/A | O26: =Tabel_Kueri1[[#This Row],[bbk]]=Tabel_Kueri1[[#This Row],[Nopol]] -> #N/A
A27: OG02232854 | B27: S 9235 UJ | C27: ADV | D27: ORI | E27: 1100 | F27: 44096 | G27: PASANG | H27: 179321 | I27: 10 | J27: PASANG BARU | K27: N | M27: LEPAS | N27: =VLOOKUP(Tabel_Kueri1[[#This Row],[KodeBan]],'Data BBK'!C:I,7,0) -> #N/A | O27: =Tabel_Kueri1[[#This Row],[bbk]]=Tabel_Kueri1[[#This Row],[Nopol]] -> #N/A
A28: OH02073785 | B28: S 9132 UJ | C28: ADV | D28: ORI | E28: 750 | F28: 44096 | G28: PASANG | H28: 190650 | I28: 2 | J28: PASANG BARU | K28: N | N28: =VLOOKUP(Tabel_Kueri1[[#This Row],[KodeBan]],'Data BBK'!C:I,7,0) -> #N/A | O28: =Tabel_Kueri1[[#This Row],[bbk]]=Tabel_Kueri1[[#This Row],[Nopol]] -> #N/A
A29: OH02085862 | B29: S 9347 UJ | C29: ADV | D29: ORI | E29: 750 | F29: 44103 | G29: PASANG | H29: 85112 | I29: 5 | J29: PASANG BARU | K29: N | N29: =VLOOKUP(Tabel_Kueri1[[#This Row],[KodeBan]],'Data BBK'!C:I,7,0) -> #N/A | O29: =Tabel_Kueri1[[#This Row],[bbk]]=Tabel_Kueri1[[#This Row],[Nopol]] -> #N/A
A30: 01002107077 | B30: S 9699 UR | C30: CST | D30: ORI | E30: 750 | F30: 44105 | G30: PASANG | H30: 257915 | I30: 1 | J30: PASANG BARU | K30: N | N30: =VLOOKUP(Tabel_Kueri1[[#This Row],[KodeBan]],'Data BBK'!C:I,7,0) -> #N/A | O30: =Tabel_Kueri1[[#This Row],[bbk]]=Tabel_Kueri1[[#This Row],[Nopol]] -> #N/A
A31: 01002121303 | B31: S 8962 UJ | C31: CST | D31: ORI | E31: 750 | F31: 44105 | G31: PASANG | H31: 158179 | I31: 6 | J31: PASANG BARU | K31: N | M31: LEPAS | N31: =VLOOKUP(Tabel_Kueri1[[#This Row],[KodeBan]],'Data BBK'!C:I,7,0) -> #N/A | O31: =Tabel_Kueri1[[#This Row],[bbk]]=Tabel_Kueri1[[#This Row],[Nopol]] -> #N/A
A32: 1002120471 | B32: S 9574 UJ | F32: 44105 | G32: PASANG | H32: 105555 | I32: 7 | J32: PASANG BARU | K32: N | N32: =VLOOKUP(Tabel_Kueri1[[#This Row],[KodeBan]],'Data BBK'!C:I,7,0) -> #N/A | O32: =Tabel_Kueri1[[#This Row],[bbk]]=Tabel_Kueri1[[#This Row],[Nopol]] -> #N/A
A33: OG02231868 | B33: S 9181 UJ | C33: ADV | D33: ORI | E33: 1100 | F33: 44107 | G33: PASANG | H33: 201555 | I33: 7 | J33: PASANG BARU | K33: N | M33: LEPAS | N33: =VLOOKUP(Tabel_Kueri1[[#This Row],[KodeBan]],'Data BBK'!C:I,7,0) -> #N/A | O33: =Tabel_Kueri1[[#This Row],[bbk]]=Tabel_Kueri1[[#This Row],[Nopol]] -> #N/A
A34: 01002025615 | B34: S 9515 UJ | C34: CST | D34: ORI | E34: 750 | F34: 44116 | G34: PASANG | H34: 103123 | I34: 4 | J34: PASANG BARU | K34: N | M34: LEPAS | N34: =VLOOKUP(Tabel_Kueri1[[#This Row],[KodeBan]],'Data BBK'!C:I,7,0) -> #N/A | O34: =Tabel_Kueri1[[#This Row],[bbk]]=Tabel_Kueri1[[#This Row],[Nopol]] -> #N/A
A35: 01001518713 | B35: S 9383 UJ | C35: CST | D35: ORI | E35: 750 | F35: 44120 | G35: PASANG | H35: 106211 | I35: 7 | J35: PASANG BARU | K35: N | N35: =VLOOKUP(Tabel_Kueri1[[#This Row],[KodeBan]],'Data BBK'!C:I,7,0) -> #N/A | O35: =Tabel_Kueri1[[#This Row],[bbk]]=Tabel_Kueri1[[#This Row],[Nopol]] -> #N/A
A36: 01001532125 | B36: S 9572 UJ | C36: CST | D36: ORI | E36: 750 | F36: 44120 | G36: PASANG | H36: 93229 | I36: 6 | J36: PASANG BARU | K36: N | M36: LEPAS | N36: =VLOOKUP(Tabel_Kueri1[[#This Row],[KodeBan]],'Data BBK'!C:I,7,0) -> #N/A | O36: =Tabel_Kueri1[[#This Row],[bbk]]=Tabel_Kueri1[[#This Row],[Nopol]] -> #N/A
A37: 01001547792 | B37: S 9472 UJ | C37: CST | D37: ORI | E37: 750 | F37: 44120 | G37: PASANG | H37: 100808 | I37: 6 | J37: PASANG BARU | K37: N | M37: LEPAS | N37: =VLOOKUP(Tabel_Kueri1[[#This Row],[KodeBan]],'Data BBK'!C:I,7,0) -> #N/A | O37: =Tabel_Kueri1[[#This Row],[bbk]]=Tabel_Kueri1[[#This Row],[Nopol]] -> #N/A
A38: 01001547792 | B38: S 9472 UJ | C38: CST | D38: ORI | E38: 750 | F38: 44120 | G38: PASANG | H38: 100808 | I38: 7 | J38: PASANG BARU | K38: N | M38: LEPAS | N38: =VLOOKUP(Tabel_Kueri1[[#This Row],[KodeBan]],'Data BBK'!C:I,7,0) -> #N/A | O38: =Tabel_Kueri1[[#This Row],[bbk]]=Tabel_Kueri1[[#This Row],[Nopol]] -> #N/A
A39: 01001664064 | B39: S 8867 UJ | C39: CST | D39: ORI | E39: 750 | F39: 44120 | G39: PASANG | H39: 148814 | I39: 7 | J39: PASANG BARU | K39: N | M39: LEPAS | N39: =VLOOKUP(Tabel_Kueri1[[#This Row],[KodeBan]],'Data BBK'!C:I,7,0) -> #N/A | O39: =Tabel_Kueri1[[#This Row],[bbk]]=Tabel_Kueri1[[#This Row],[Nopol]] -> #N/A
A40: 201016/01000517781 | B40: S 9376 UJ | C40: CST | D40: ORI | E40: 750 | F40: 44120 | G40: PASANG | H40: 104930 | I40: 4 | J40: PASANG BARU | K40: N | M40: LEPAS | N40: =VLOOKUP(Tabel_Kueri1[[#This Row],[KodeBan]],'Data BBK'!C:I,7,0) -> #N/A | O40: =Tabel_Kueri1[[#This Row],[bbk]]=Tabel_Kueri1[[#This Row],[Nopol]] -> #N/A
A41: 1001634147 | B41: S 9376 UJ | F41: 44120 | G41: PASANG | H41: 104930 | I41: 7 | J41: PASANG BARU | K41: N | N41: =VLOOKUP(Tabel_Kueri1[[#This Row],[KodeBan]],'Data BBK'!C:I,7,0) -> #N/A | O41: =Tabel_Kueri1[[#This Row],[bbk]]=Tabel_Kueri1[[#This Row],[Nopol]] -> #N/A
A42: T8901/201019 | B42: L 8951 UJ | C42: BS | D42: ORI | E42: 750 | F42: 44123 | G42: PASANG | H42: 34603 | I42: 1 | J42: PASANG BARU | K42: N | N42: =VLOOKUP(Tabel_Kueri1[[#This Row],[KodeBan]],'Data BBK'!C:I,7,0) -> #N/A | O42: =Tabel_Kueri1[[#This Row],[bbk]]=Tabel_Kueri1[[#This Row],[Nopol]] -> #N/A
A43: T8902/201019 | B43: L 8951 UJ | C43: BS | D43: ORI | E43: 750 | F43: 44123 | G43: PASANG | H43: 34603 | I43: 2 | J43: PASANG BARU | K43: N | N43: =VLOOKUP(Tabel_Kueri1[[#This Row],[KodeBan]],'Data BBK'!C:I,7,0) -> #N/A | O43: =Tabel_Kueri1[[#This Row],[bbk]]=Tabel_Kueri1[[#This Row],[Nopol]] -> #N/A
A44: T89019348/201019 | B44: S 9348 UJ | F44: 44123 | G44: PASANG | H44: 85763 | I44: 7 | J44: PASANG BARU | K44: N | N44: =VLOOKUP(Tabel_Kueri1[[#This Row],[KodeBan]],'Data BBK'!C:I,7,0) -> #N/A | O44: =Tabel_Kueri1[[#This Row],[bbk]]=Tabel_Kueri1[[#This Row],[Nopol]] -> #N/A
A45: H11028985 | B45: S 8985 UJ | C45: BS | D45: ORI | E45: 750 | F45: 44124 | G45: PASANG | H45: 167322 | I45: 6 | J45: PASANG BARU | K45: N | N45: =VLOOKUP(Tabel_Kueri1[[#This Row],[KodeBan]],'Data BBK'!C:I,7,0) -> #N/A | O45: =Tabel_Kueri1[[#This Row],[bbk]]=Tabel_Kueri1[[#This Row],[Nopol]] -> #N/A
A46: 01002011491 | B46: S 9048 UJ | C46: CST | D46: ORI | E46: 750 | F46: 44124 | G46: PASANG | H46: 139233 | I46: 7 | J46: PASANG BARU | K46: N | N46: =VLOOKUP(Tabel_Kueri1[[#This Row],[KodeBan]],'Data BBK'!C:I,7,0) -> #N/A | O46: =Tabel_Kueri1[[#This Row],[bbk]]=Tabel_Kueri1[[#This Row],[Nopol]] -> #N/A
A47: T89019354 | B47: S 9354 UJ | C47: BS | D47: ORI | E47: 750 | F47: 44126 | G47: PASANG | H47: 96916 | I47: 4 | J47: PASANG BARU | K47: N | M47: LEPAS | N47: =VLOOKUP(Tabel_Kueri1[[#This Row],[KodeBan]],'Data BBK'!C:I,7,0) -> #N/A | O47: =Tabel_Kueri1[[#This Row],[bbk]]=Tabel_Kueri1[[#This Row],[Nopol]] -> #N/A
A48: T89029359 | B48: S 9359 UJ | C48: BS | D48: ORI | E48: 750 | F48: 44130 | G48: PASANG | H48: 94915 | I48: 7 | J48: PASANG BARU | K48: N | M48: LEPAS | N48: =VLOOKUP(Tabel_Kueri1[[#This Row],[KodeBan]],'Data BBK'!C:I,7,0) -> #N/A | O48: =Tabel_Kueri1[[#This Row],[bbk]]=Tabel_Kueri1[[#This Row],[Nopol]] -> #N/A
A49: YOR142582 | B49: S 9187 UJ | C49: BS | D49: ORI | E49: 1100 | F49: 44139 | G49: PASANG | H49: 222526 | I49: 4 | J49: PASANG BARU | K49: N | N49: =VLOOKUP(Tabel_Kueri1[[#This Row],[KodeBan]],'Data BBK'!C:I,7,0) -> #N/A | O49: =Tabel_Kueri1[[#This Row],[bbk]]=Tabel_Kueri1[[#This Row],[Nopol]] -> #N/A
A50: H11029406/201105 | B50: S 9406 UJ | F50: 44140 | G50: PASANG | H50: 93212 | I50: 5 | J50: PASANG BARU | K50: N | N50: =VLOOKUP(Tabel_Kueri1[[#This Row],[KodeBan]],'Data BBK'!C:I,7,0) -> #N/A | O50: =Tabel_Kueri1[[#This Row],[bbk]]=Tabel_Kueri1[[#This Row],[Nopol]] -> #N/A
A51: T89029347 | B51: S 9347 UJ | C51: BS | D51: ORI | E51: 750 | F51: 44141 | G51: PASANG | H51: 90865 | I51: 6 | J51: PASANG BARU | K51: N | N51: =VLOOKUP(Tabel_Kueri1[[#This Row],[KodeBan]],'Data BBK'!C:I,7,0) -> #N/A | O51: =Tabel_Kueri1[[#This Row],[bbk]]=Tabel_Kueri1[[#This Row],[Nopol]] -> #N/A
A52: T12019347 | B52: S 9347 UJ | C52: BS | D52: ORI | E52: 750 | F52: 44141 | G52: PASANG | H52: 90865 | I52: 4 | J52: PASANG BARU | K52: N | N52: =VLOOKUP(Tabel_Kueri1[[#This Row],[KodeBan]],'Data BBK'!C:I,7,0) -> #N/A | O52: =Tabel_Kueri1[[#This Row],[bbk]]=Tabel_Kueri1[[#This Row],[Nopol]] -> #N/A
A53: T89019412/201110 | B53: S 9412 UJ | C53: BS | D53: ORI | E53: 750 | F53: 44145 | G53: PASANG | H53: 109379 | I53: 7 | J53: PASANG BARU | K53: N | M53: LEPAS | N53: =VLOOKUP(Tabel_Kueri1[[#This Row],[KodeBan]],'Data BBK'!C:I,7,0) -> #N/A | O53: =Tabel_Kueri1[[#This Row],[bbk]]=Tabel_Kueri1[[#This Row],[Nopol]] -> #N/A
A54: T89018502/201112 | B54: L 8502 UO | C54: BS | D54: ORI | E54: 750 | F54: 44147 | G54: PASANG | H54: 36336 | I54: 7 | J54: PASANG BARU | K54: N | M54: LEPAS | N54: =VLOOKUP(Tabel_Kueri1[[#This Row],[KodeBan]],'Data BBK'!C:I,7,0) -> #N/A | O54: =Tabel_Kueri1[[#This Row],[bbk]]=Tabel_Kueri1[[#This Row],[Nopol]] -> #N/A
A55: T89018251 | B55: L 8251 UR | C55: BS | D55: ORI | E55: 750 | F55: 44147 | G55: PASANG | H55: 46719 | I55: 5 | J55: PASANG BARU ATAU STEMPEL TGL 201112 | K55: N | N55: =VLOOKUP(Tabel_Kueri1[[#This Row],[KodeBan]],'Data BBK'!C:I,7,0) -> #N/A | O55: =Tabel_Kueri1[[#This Row],[bbk]]=Tabel_Kueri1[[#This Row],[Nopol]] -> #N/A
A56: Y0R142431 | B56: S 9165 UJ | C56: BS | D56: ORI | E56: 1100 | F56: 44148 | G56: PASANG | H56: 190050 | I56: 9 | J56: PASANG BARU | K56: N | N56: =VLOOKUP(Tabel_Kueri1[[#This Row],[KodeBan]],'Data BBK'!C:I,7,0) -> #N/A | O56: =Tabel_Kueri1[[#This Row],[bbk]]=Tabel_Kueri1[[#This Row],[Nopol]] -> #N/A
A57: 01001721209 | B57: L 8774 UJ | C57: CST | D57: ORI | E57: 750 | F57: 44148 | G57: PASANG | H57: 43715 | I57: 4 | J57: PASANG BARU | K57: N | M57: LEPAS | N57: =VLOOKUP(Tabel_Kueri1[[#This Row],[KodeBan]],'Data BBK'!C:I,7,0) -> #N/A | O57: =Tabel_Kueri1[[#This Row],[bbk]]=Tabel_Kueri1[[#This Row],[Nopol]] -> #N/A
A58: 01001721209 | B58: L 8774 UJ | C58: CST | D58: ORI | E58: 750 | F58: 44148 | G58: PASANG | H58: 43715 | I58: 7 | J58: PASANG BARU | K58: N | M58: LEPAS | N58: =VLOOKUP(Tabel_Kueri1[[#This Row],[KodeBan]],'Data BBK'!C:I,7,0) -> #N/A | O58: =Tabel_Kueri1[[#This Row],[bbk]]=Tabel_Kueri1[[#This Row],[Nopol]] -> #N/A
A59: 01002186301 | B59: S 9379 UJ | C59: CST | D59: ORI | E59: 750 | F59: 44148 | G59: PASANG | H59: 93805 | I59: 4 | J59: PASANG BARU | K59: N | N59: =VLOOKUP(Tabel_Kueri1[[#This Row],[KodeBan]],'Data BBK'!C:I,7,0) -> #N/A | O59: =Tabel_Kueri1[[#This Row],[bbk]]=Tabel_Kueri1[[#This Row],[Nopol]] -> #N/A
A60: 01002186315 | B60: L 8774 UJ | C60: CST | D60: ORI | E60: 750 | F60: 44148 | G60: PASANG | H60: 43715 | I60: 2 | J60: PASANG BARU | K60: N | N60: =VLOOKUP(Tabel_Kueri1[[#This Row],[KodeBan]],'Data BBK'!C:I,7,0) -> #N/A | O60: =Tabel_Kueri1[[#This Row],[bbk]]=Tabel_Kueri1[[#This Row],[Nopol]] -> #N/A
A61: 01002199855 | B61: S 9379 UJ | C61: CST | D61: ORI | E61: 750 | F61: 44148 | G61: PASANG | H61: 93805 | I61: 6 | J61: PASANG BARU | K61: N | N61: =VLOOKUP(Tabel_Kueri1[[#This Row],[KodeBan]],'Data BBK'!C:I,7,0) -> #N/A | O61: =Tabel_Kueri1[[#This Row],[bbk]]=Tabel_Kueri1[[#This Row],[Nopol]] -> #N/A
A62: 01002226403 | B62: S 9014 UJ | C62: CST | D62: ORI | E62: 750 | F62: 44148 | G62: PASANG | H62: 165609 | I62: 6 | J62: PASANG BARU | K62: N | N62: =VLOOKUP(Tabel_Kueri1[[#This Row],[KodeBan]],'Data BBK'!C:I,7,0) -> #N/A | O62: =Tabel_Kueri1[[#This Row],[bbk]]=Tabel_Kueri1[[#This Row],[Nopol]] -> #N/A
A63: 01002239709 | B63: L 8774 UJ | C63: CST | D63: ORI | E63: 750 | F63: 44148 | G63: PASANG | H63: 43715 | I63: 6 | J63: PASANG BARU | K63: N | M63: LEPAS | N63: =VLOOKUP(Tabel_Kueri1[[#This Row],[KodeBan]],'Data BBK'!C:I,7,0) -> #N/A | O63: =Tabel_Kueri1[[#This Row],[bbk]]=Tabel_Kueri1[[#This Row],[Nopol]] -> #N/A
A64: 0100178133 | B64: S 9570 UJ | C64: CST | D64: ORI | E64: 750 | F64: 44149 | G64: PASANG | H64: 103399 | I64: 7 | J64: PASANG BARU | K64: N | N64: =VLOOKUP(Tabel_Kueri1[[#This Row],[KodeBan]],'Data BBK'!C:I,7,0) -> #N/A | O64: =Tabel_Kueri1[[#This Row],[bbk]]=Tabel_Kueri1[[#This Row],[Nopol]] -> #N/A
A65: 01001795557 | B65: S 9122 UJ | C65: CST | D65: ORI | E65: 750 | F65: 44149 | G65: PASANG | H65: 131086 | I65: 7 | J65: PASANG BARU | K65: N | N65: =VLOOKUP(Tabel_Kueri1[[#This Row],[KodeBan]],'Data BBK'!C:I,7,0) -> #N/A | O65: =Tabel_Kueri1[[#This Row],[bbk]]=Tabel_Kueri1[[#This Row],[Nopol]] -> #N/A
A66: 01001923081 | B66: L 8521 UO | C66: CST | D66: ORI | E66: 750 | F66: 44149 | G66: PASANG | H66: 42334 | I66: 3 | J66: PASANG BARU | K66: N | N66: =VLOOKUP(Tabel_Kueri1[[#This Row],[KodeBan]],'Data BBK'!C:I,7,0) -> #N/A | O66: =Tabel_Kueri1[[#This Row],[bbk]]=Tabel_Kueri1[[#This Row],[Nopol]] -> #N/A
A67: 01001965841 | B67: L 8521 UO | C67: CST | D67: ORI | E67: 750 | F67: 44149 | G67: PASANG | H67: 42334 | I67: 2 | J67: PASANG BARU | K67: N | N67: =VLOOKUP(Tabel_Kueri1[[#This Row],[KodeBan]],'Data BBK'!C:I,7,0) -> #N/A | O67: =Tabel_Kueri1[[#This Row],[bbk]]=Tabel_Kueri1[[#This Row],[Nopol]] -> #N/A
A68: 01002118663 | B68: S 9049 UJ | C68: CST | D68: ORI | E68: 750 | F68: 44149 | G68: PASANG | H68: 154288 | I68: 6 | J68: PASANG BARU | K68: N | M68: LEPAS | N68: =VLOOKUP(Tabel_Kueri1[[#This Row],[KodeBan]],'Data BBK'!C:I,7,0) -> #N/A | O68: =Tabel_Kueri1[[#This Row],[bbk]]=Tabel_Kueri1[[#This Row],[Nopol]] -> #N/A
A69: 01002118685 | B69: S 9049 UJ | C69: CST | D69: ORI | E69: 750 | F69: 44149 | G69: PASANG | H69: 154288 | I69: 7 | J69: PASANG BARU | K69: N | M69: LEPAS | N69: =VLOOKUP(Tabel_Kueri1[[#This Row],[KodeBan]],'Data BBK'!C:I,7,0) -> #N/A | O69: =Tabel_Kueri1[[#This Row],[bbk]]=Tabel_Kueri1[[#This Row],[Nopol]] -> #N/A
A70: 01002213195 | B70: L 8521 UO | C70: CST | D70: ORI | E70: 750 | F70: 44149 | G70: PASANG | H70: 42334 | I70: 5 | J70: PASANG BARU | K70: N | N70: =VLOOKUP(Tabel_Kueri1[[#This Row],[KodeBan]],'Data BBK'!C:I,7,0) -> #N/A | O70: =Tabel_Kueri1[[#This Row],[bbk]]=Tabel_Kueri1[[#This Row],[Nopol]] -> #N/A
A71: 01002226415 | B71: L 8966 UJ | C71: CST | D71: ORI | E71: 750 | F71: 44149 | G71: PASANG | H71: 43875 | I71: 2 | J71: PASANG BARU | K71: N | N71: =VLOOKUP(Tabel_Kueri1[[#This Row],[KodeBan]],'Data BBK'!C:I,7,0) -> #N/A | O71: =Tabel_Kueri1[[#This Row],[bbk]]=Tabel_Kueri1[[#This Row],[Nopol]] -> #N/A
A72: 01001781105 | B72: S 9359 UJ | C72: CST | D72: ORI | E72: 750 | F72: 44151 | G72: PASANG | H72: 97888 | I72: 6 | J72: PASANG BARU | K72: N | N72: =VLOOKUP(Tabel_Kueri1[[#This Row],[KodeBan]],'Data BBK'!C:I,7,0) -> #N/A | O72: =Tabel_Kueri1[[#This Row],[bbk]]=Tabel_Kueri1[[#This Row],[Nopol]] -> #N/A
A73: 01001795601 | B73: S 9359 UJ | C73: CST | D73: ORI | E73: 750 | F73: 44151 | G73: PASANG | H73: 97888 | I73: 4 | J73: PASANG BARU | K73: N | N73: =VLOOKUP(Tabel_Kueri1[[#This Row],[KodeBan]],'Data BBK'!C:I,7,0) -> #N/A | O73: =Tabel_Kueri1[[#This Row],[bbk]]=Tabel_Kueri1[[#This Row],[Nopol]] -> #N/A
A74: 01001880429 | B74: S 8978 UJ | C74: CST | D74: ORI | E74: 750 | F74: 44151 | G74: PASANG | H74: 168011 | I74: 6 | J74: PASANG BARU | K74: N | M74: LEPAS | N74: =VLOOKUP(Tabel_Kueri1[[#This Row],[KodeBan]],'Data BBK'!C:I,7,0) -> #N/A | O74: =Tabel_Kueri1[[#This Row],[bbk]]=Tabel_Kueri1[[#This Row],[Nopol]] -> #N/A
A75: 01001894705 | B75: S 8978 UJ | C75: CST | D75: ORI | E75: 750 | F75: 44151 | G75: PASANG | H75: 168011 | I75: 7 | J75: PASANG BARU | K75: N | M75: LEPAS | N75: =VLOOKUP(Tabel_Kueri1[[#This Row],[KodeBan]],'Data BBK'!C:I,7,0) -> #N/A | O75: =Tabel_Kueri1[[#This Row],[bbk]]=Tabel_Kueri1[[#This Row],[Nopol]] -> #N/A
A76: 01001894705 | B76: S 8978 UJ | C76: CST | D76: ORI | E76: 750 | F76: 44151 | G76: PASANG | H76: 168011 | I76: 4 | J76: PASANG BARU | K76: N | M76: LEPAS | N76: =VLOOKUP(Tabel_Kueri1[[#This Row],[KodeBan]],'Data BBK'!C:I,7,0) -> #N/A | O76: =Tabel_Kueri1[[#This Row],[bbk]]=Tabel_Kueri1[[#This Row],[Nopol]] -> #N/A
A77: 01002134917 | B77: S 9089 UJ | C77: CST | D77: ORI | E77: 750 | F77: 44152 | G77: PASANG | H77: 158006 | I77: 3 | J77: PASANG BARU | K77: N | N77: =VLOOKUP(Tabel_Kueri1[[#This Row],[KodeBan]],'Data BBK'!C:I,7,0) -> #N/A | O77: =Tabel_Kueri1[[#This Row],[bbk]]=Tabel_Kueri1[[#This Row],[Nopol]] -> #N/A
A78: B200530041009 | B78: S 9353 UJ | C78: TK | D78: ORI | E78: 750 | F78: 44155 | G78: PASANG | H78: 88693 | I78: 7 | J78: PASANG BARU | K78: N | N78: =VLOOKUP(Tabel_Kueri1[[#This Row],[KodeBan]],'Data BBK'!C:I,7,0) -> #N/A | O78: =Tabel_Kueri1[[#This Row],[bbk]]=Tabel_Kueri1[[#This Row],[Nopol]] -> #N/A
A79: 12108 | B79: S 9349 UJ | C79: BS | D79: ORI | E79: 750 | F79: 44158 | G79: PASANG | H79: 103620 | I79: 4 | J79: PASANG BARU | K79: N | M79: LEPAS | N79: =VLOOKUP(Tabel_Kueri1[[#This Row],[KodeBan]],'Data BBK'!C:I,7,0) -> #N/A | O79: =Tabel_Kueri1[[#This Row],[bbk]]=Tabel_Kueri1[[#This Row],[Nopol]] -> #N/A
A80: 12115 | B80: S 9349 UJ | C80: BS | D80: ORI | E80: 750 | F80: 44158 | G80: PASANG | H80: 103620 | I80: 7 | J80: PASANG BARU | K80: N | M80: LEPAS | N80: =VLOOKUP(Tabel_Kueri1[[#This Row],[KodeBan]],'Data BBK'!C:I,7,0) -> #N/A | O80: =Tabel_Kueri1[[#This Row],[bbk]]=Tabel_Kueri1[[#This Row],[Nopol]] -> #N/A
A81: 201123/B200602041004 | B81: L 8950 UJ | C81: TK | D81: ORI | E81: 750 | F81: 44158 | G81: PASANG | H81: 44876 | I81: 7 | J81: PASANG BARU | K81: N | N81: =VLOOKUP(Tabel_Kueri1[[#This Row],[KodeBan]],'Data BBK'!C:I,7,0) -> #N/A | O81: =Tabel_Kueri1[[#This Row],[bbk]]=Tabel_Kueri1[[#This Row],[Nopol]] -> #N/A
A82: A200531041016 | B82: S 9088 UJ | C82: TK | D82: ORI | E82: 750 | F82: 44158 | G82: PASANG | H82: 157513 | I82: 5 | J82: PASANG BARU | K82: N | N82: =VLOOKUP(Tabel_Kueri1[[#This Row],[KodeBan]],'Data BBK'!C:I,7,0) -> #N/A | O82: =Tabel_Kueri1[[#This Row],[bbk]]=Tabel_Kueri1[[#This Row],[Nopol]] -> #N/A
A83: A200602041015 | B83: S 9088 UJ | C83: TK | D83: ORI | E83: 750 | F83: 44158 | G83: PASANG | H83: 157513 | I83: 3 | J83: PASANG BARU | K83: N | N83: =VLOOKUP(Tabel_Kueri1[[#This Row],[KodeBan]],'Data BBK'!C:I,7,0) -> #N/A | O83: =Tabel_Kueri1[[#This Row],[bbk]]=Tabel_Kueri1[[#This Row],[Nopol]] -> #N/A
A84: A200602041008 | B84: S 9371 UJ | C84: TK | D84: ORI | E84: 750 | F84: 44159 | G84: PASANG | H84: 92738 | I84: 3 | J84: PASANG BARU | K84: N | M84: LEPAS | N84: =VLOOKUP(Tabel_Kueri1[[#This Row],[KodeBan]],'Data BBK'!C:I,7,0) -> #N/A | O84: =Tabel_Kueri1[[#This Row],[bbk]]=Tabel_Kueri1[[#This Row],[Nopol]] -> #N/A
A85: B200313086002 | B85: S 9371 UJ | C85: TK | D85: ORI | E85: 750 | F85: 44159 | G85: PASANG | H85: 92738 | I85: 7 | J85: PASANG BARU | K85: N | M85: LEPAS | N85: =VLOOKUP(Tabel_Kueri1[[#This Row],[KodeBan]],'Data BBK'!C:I,7,0) -> #N/A | O85: =Tabel_Kueri1[[#This Row],[bbk]]=Tabel_Kueri1[[#This Row],[Nopol]] -> #N/A
A86: 201126/01001781111 | B86: S 8957 UJ | C86: CST | D86: ORI | E86: 750 | F86: 44161 | G86: PASANG | H86: 178346 | I86: 2 | J86: PASANG BARU | K86: N | M86: LEPAS | N86: =VLOOKUP(Tabel_Kueri1[[#This Row],[KodeBan]],'Data BBK'!C:I,7,0) -> #N/A | O86: =Tabel_Kueri1[[#This Row],[bbk]]=Tabel_Kueri1[[#This Row],[Nopol]] -> #N/A
A87: Y0Y328680 | B87: S 9224 UJ | C87: BS | D87: ORI | E87: 1100 | F87: 44164 | G87: PASANG | H87: 229064 | I87: 11 | J87: PASANG BARU | K87: N | M87: LEPAS | N87: =VLOOKUP(Tabel_Kueri1[[#This Row],[KodeBan]],'Data BBK'!C:I,7,0) -> #N/A | O87: =Tabel_Kueri1[[#This Row],[bbk]]=Tabel_Kueri1[[#This Row],[Nopol]] -> #N/A
A88: Y0Y328680 | B88: S 9224 UJ | C88: BS | D88: ORI | E88: 1100 | F88: 44164 | G88: PASANG | H88: 229064 | I88: 8 | J88: PASANG BARU | K88: N | M88: LEPAS | N88: =VLOOKUP(Tabel_Kueri1[[#This Row],[KodeBan]],'Data BBK'!C:I,7,0) -> #N/A | O88: =Tabel_Kueri1[[#This Row],[bbk]]=Tabel_Kueri1[[#This Row],[Nopol]] -> #N/A
A89: 120213 | B89: S 9506 UJ | C89: BS | D89: ORI | E89: 750 | F89: 44167 | G89: PASANG | H89: 101435 | I89: 7 | J89: PASANG BARU | K89: N | M89: LEPAS | N89: =VLOOKUP(Tabel_Kueri1[[#This Row],[KodeBan]],'Data BBK'!C:I,7,0) -> #N/A | O89: =Tabel_Kueri1[[#This Row],[bbk]]=Tabel_Kueri1[[#This Row],[Nopol]] -> #N/A
A90: Y0Y328548 | B90: S 9156 UJ | C90: BS | D90: ORI | E90: 1100 | F90: 44167 | G90: PASANG | H90: 233576 | I90: 9 | J90: PASANG BARU | K90: N | N90: =VLOOKUP(Tabel_Kueri1[[#This Row],[KodeBan]],'Data BBK'!C:I,7,0) -> #N/A | O90: =Tabel_Kueri1[[#This Row],[bbk]]=Tabel_Kueri1[[#This Row],[Nopol]] -> #N/A
A91: 120217 | B91: S 8909 UJ | C91: BS | D91: G530 | E91: 750 | F91: 44168 | G91: PASANG | H91: 173177 | I91: 4 | J91: PASANG BARU | K91: N | M91: LEPAS | N91: =VLOOKUP(Tabel_Kueri1[[#This Row],[KodeBan]],'Data BBK'!C:I,7,0) -> #N/A | O91: =Tabel_Kueri1[[#This Row],[bbk]]=Tabel_Kueri1[[#This Row],[Nopol]] -> #N/A
A92: 120312 | B92: S 9699 UR | C92: BS | D92: ORI | E92: 750 | F92: 44169 | G92: PASANG | H92: 266615 | I92: 4 | J92: PASANG BARU | K92: N | M92: LEPAS | N92: =VLOOKUP(Tabel_Kueri1[[#This Row],[KodeBan]],'Data BBK'!C:I,7,0) -> #N/A | O92: =Tabel_Kueri1[[#This Row],[bbk]]=Tabel_Kueri1[[#This Row],[Nopol]] -> #N/A
A93: 120318 | B93: S 9699 UR | C93: BS | D93: ORI | E93: 1100 | F93: 44169 | G93: PASANG | H93: 266615 | I93: 6 | J93: PASANG BARU | K93: N | N93: =VLOOKUP(Tabel_Kueri1[[#This Row],[KodeBan]],'Data BBK'!C:I,7,0) -> #N/A | O93: =Tabel_Kueri1[[#This Row],[bbk]]=Tabel_Kueri1[[#This Row],[Nopol]] -> #N/A
A94: 120127 | B94: S 9370 UJ | C94: BS | D94: ORI | E94: 750 | F94: 44173 | G94: PASANG | H94: 105896 | I94: 5 | J94: PASANG BARU | K94: N | N94: =VLOOKUP(Tabel_Kueri1[[#This Row],[KodeBan]],'Data BBK'!C:I,7,0) -> #N/A | O94: =Tabel_Kueri1[[#This Row],[bbk]]=Tabel_Kueri1[[#This Row],[Nopol]] -> #N/A
A95: 12017 | B95: S 9049 UJ | C95: BS | D95: ORI | E95: 750 | F95: 44175 | G95: PASANG | H95: 161304 | I95: 3 | J95: PASANG BARU | K95: N | M95: LEPAS | N95: =VLOOKUP(Tabel_Kueri1[[#This Row],[KodeBan]],'Data BBK'!C:I,7,0) -> #N/A | O95: =Tabel_Kueri1[[#This Row],[bbk]]=Tabel_Kueri1[[#This Row],[Nopol]] -> #N/A
A96: 12017 | B96: S 9049 UJ | C96: BS | D96: ORI | E96: 750 | F96: 44175 | G96: PASANG | H96: 161304 | I96: 4 | J96: PASANG BARU | K96: N | M96: LEPAS | N96: =VLOOKUP(Tabel_Kueri1[[#This Row],[KodeBan]],'Data BBK'!C:I,7,0) -> #N/A | O96: =Tabel_Kueri1[[#This Row],[bbk]]=Tabel_Kueri1[[#This Row],[Nopol]] -> #N/A
A97: 12008 | B97: S 9115 UJ | C97: BS | D97: ORI | E97: 750 | F97: 44175 | G97: PASANG | H97: 132423 | I97: 7 | J97: PASANG BARU | K97: N | M97: LEPAS | N97: =VLOOKUP(Tabel_Kueri1[[#This Row],[KodeBan]],'Data BBK'!C:I,7,0) -> #N/A | O97: =Tabel_Kueri1[[#This Row],[bbk]]=Tabel_Kueri1[[#This Row],[Nopol]] -> #N/A
A98: 12008 | B98: S 9115 UJ | C98: BS | D98: ORI | E98: 750 | F98: 44175 | G98: PASANG | H98: 132423 | I98: 1 | J98: PASANG BARU | K98: N | M98: LEPAS | N98: =VLOOKUP(Tabel_Kueri1[[#This Row],[KodeBan]],'Data BBK'!C:I,7,0) -> #N/A | O98: =Tabel_Kueri1[[#This Row],[bbk]]=Tabel_Kueri1[[#This Row],[Nopol]] -> #N/A
A99: 12015 | B99: S 9049 UJ | C99: BS | D99: ORI | E99: 750 | F99: 44175 | G99: PASANG | H99: 161304 | I99: 2 | J99: PASANG BARU | K99: N | M99: LEPAS | N99: =VLOOKUP(Tabel_Kueri1[[#This Row],[KodeBan]],'Data BBK'!C:I,7,0) -> #N/A | O99: =Tabel_Kueri1[[#This Row],[bbk]]=Tabel_Kueri1[[#This Row],[Nopol]] -> #N/A
A100: 12002 | B100: L 8965 UJ | C100: BS | D100: ORI | E100: 750 | F100: 44176 | G100: PASANG | H100: 46142 | I100: 7 | J100: PASANG BARU | K100: N | N100: =VLOOKUP(Tabel_Kueri1[[#This Row],[KodeBan]],'Data BBK'!C:I,7,0) -> #N/A | O100: =Tabel_Kueri1[[#This Row],[bbk]]=Tabel_Kueri1[[#This Row],[Nopol]] -> #N/A
...

Sheet Data TrackBan
A1: ID | B1: Nopol | C1: KodeBan | D1: Tanggal | E1: Status | F1: Posisi | G1: KM | H1: Keterangan | I1: Void | J1: Ref | K1: Kondisi
A2: 39 | B2: L 8502 UO | C2: 104173 | D2: 44292 | E2: PASANG | F2: 5 | G2: 59859 | H2: PASANG BARU | I2: N | J2: 0
A3: 46 | B3: S 9457 UJ | C3: 104188 | D3: 44295 | E3: PASANG | F3: 5 | G3: 180185 | H3: PASANG BARU | I3: N | J3: 0
A4: 67 | B4: L 8774 UJ | C4: 102031 | D4: 44236 | E4: PASANG | F4: 5 | G4: 62722 | H4: PASANG BARU | I4: N | J4: 0
A5: 72 | B5: L 8967 UJ | C5: 102024 | D5: 44243 | E5: PASANG | F5: 5 | G5: 40241 | H5: PASANG BARU | I5: N | J5: 0
A6: 80 | B6: S 8909 UJ | C6: 012768 | D6: 44543 | E6: PASANG | F6: 5 | G6: 245783 | H6: PASANG BARU | I6: N | J6: 0
A7: 84 | B7: S 8941 UJ | C7: 110620 | D7: 44481 | E7: PASANG | F7: 5 | G7: 219943 | H7: PASANG BARU | I7: N | J7: 0
A8: 92 | B8: S 8954 UJ | C8: 109507 | D8: 44449 | E8: PASANG | F8: 5 | G8: 216525 | H8: PASANG BARU | I8: N | J8: 0
A9: 101 | B9: S 8962 UJ | C9: 110610 | D9: 44476 | E9: PASANG | F9: 5 | G9: 223241 | H9: PASANG BARU | I9: N | J9: 0
A10: 107 | B10: S 9032 UJ | C10: 012798 | D10: 44548 | E10: PASANG | F10: 5 | G10: 228086 | H10: PASANG BARU | I10: N | J10: 0
A11: 111 | B11: S 9042 UJ | C11: 105258 | D11: 44322 | E11: PASANG | F11: 5 | G11: 178513 | H11: PASANG BARU | I11: N | J11: 0
A12: 121 | B12: S 9132 UJ | C12: 109495 | D12: 44441 | E12: PASANG | F12: 5 | G12: 236519 | H12: PASANG BARU | I12: N | J12: 0
A13: 131 | B13: S 9308 UK | C13: 106294 | D13: 44357 | E13: PASANG | F13: 5 | G13: 28033 | H13: PASANG BARU | I13: N | J13: 0
... A2202: 8006 | B2202: AD 8125 OY | C2202: SP106112.1-8125 | D2202: 44414 | E2202: PASANG | F2202: 7 | G2202: 0 | H2202: BAWAAN UNIT | I2202: N | J2202: 0
A2203: 4690 | B2203: S 9413 UJ | C2203: SP106125 | D2203: 44585 | E2203: LEPAS | F2203: 5 | G2203: 206385 | H2203: ROTASI PINDAH KE POSISI 7 | I2203: N | J2203: 797 | K2203: MASUK GUDANG
A2204: 4694 | B2204: S 9413 UJ | C2204: 104179 | D2204: 44582 | E2204: LEPAS | F2204: 7 | G2204: 206385 | H2204: CBU | I2204: N | J2204: 791 | K2204: RUSAK
A2205: 4701 | B2205: S 9362 UJ | C2205: SPS 21-05-018 | D2205: 44565 | E2205: LEPAS | F2205: 7 | G2205: 326985 | H2205: OPER B 9363 PYU | I2205: N | J2205: 4483 | K2205: MASUK GUDANG
A2206: 4702 | B2206: S 9362 UJ | C2206: 102620 | D2206: 44565 | E2206: LEPAS | F2206: 9 | G2206: 326985 | H2206: ROTASI KE POSISI 11 | I2206: N | J2206: 4700 | K2206: MASUK GUDANG
A2207: 4703 | B2207: S 9362 UJ | C2207: YOY328461 | D2207: 44565 | E2207: LEPAS | F2207: 11 | G2207: 326985 | H2207: RADIAL SPLIT | I2207: N | J2207: 4493 | K2207: RUSAK
A2208: 4720 | B2208: S 9109 UJ | C2208: 105245 | D2208: 44566 | E2208: LEPAS | F2208: 1 | G2208: 241147 | H2208: ROTASI KE POSISI 3 | I2208: N | J2208: 4717 | K2208: MASUK GUDANG
A2209: 4721 | B2209: S 9109 UJ | C2209: 105246 | D2209: 44566 | E2209: LEPAS | F2209: 2 | G2209: 241147 | H2209: ROTASI KE POSISI 5 | I2209: N | J2209: 4718 | K2209: MASUK GUDANG
A2210: 4726 | B2210: S 9109 UJ | C2210: 103112 | D2210: 44566 | E2210: LEPAS | F2210: 5 | G2210: 241147 | H2210: ROTASI KE POSISI 7 | I2210: N | J2210: 4725 | K2210: MASUK GUDANG
A2211: 4727 | B2211: S 9109 UJ | C2211: 9N01100390 | D2211: 44566 | E2211: LEPAS | F2211: 3 | G2211: 241147 | H2211: SIDE CUT | I2211: N | J2211: 4724 | K2211: MASUK GUDANG
A2212: 4731 | B2212: S 9109 UJ | C2212: ESK86762 | D2212: 44566 | E2212: LEPAS | F2212: 7 | G2212: 241147 | H2212: SEPARATION | I2212: N | J2212: 4730 | K2212: RUSAK
A2213: 4733 | B2213: L 8502 UO | C2213: T89018502/201112 | D2213: 44567 | E2213: LEPAS | F2213: 7 | G2213: 109635 | H2213: SHOCK BURST | I2213: N | J2213: 42 | K2213: RUSAK
A2214: 4738 | B2214: S 9152 UJ | C2214: 104174 | D2214: 44565 | E2214: LEPAS | F2214: 3 | G2214: 221094 | H2214: SIDE CUT PENETRATION | I2214: N | J2214: 4735 | K2214: RUSAK
... A2681: 7986 | B2681: AD 8064 OY | C2681: 102025/01003824780 | D2681: 44586 | E2681: LEPAS | F2681: 7 | G2681: 54257 | H2681: WO | I2681: N | J2681: 4292 | K2681: MASUK GUDANG
